longstr;avgstr;longstr1;longstr6;longstrDiff;irvTotal;irv1;irv6;irvDiff;res_mahad;res_psycsyn;res_evenodd;res_u3poly
3;1,17647058823529;2;2;0;1,65797166938919;1,75119007154183;1,42984070596848;0,321349365573345;88,4298569565614;-0,322956586984681;0,350018341190004;0,3382
3;1,33333333333333;3;3;0;1,17121791842056;1,10050493461461;0,97182531580755;0,128679618807062;60,2276774741347;-0,225895311060344;0,82154475609858;0,1602
3;1,36363636363636;2;3;-1;1,44347352563497;1,63639169448448;1,77951304200522;-0,143121347520742;92,9194229093051;-0,502355865791801;0,919584223128751;0,3127
3;1,22448979591837;3;2;1;1,0353906983864;0,948683298050514;1,10050493461461;-0,151821636564098;46,2364690119269;-0,456589391877463;0,725857232662788;0,1688
2;1,22448979591837;2;2;0;1,33784547256945;1,22927259430572;1,64991582276861;-0,420643228462892;71,0554565935376;-0,489127004046323;0,916356997152785;0,2862
3;1,3953488372093;2;2;0;1,28650096998126;1,56347191994114;1,05934990547138;0,504122014469763;128,665979456917;-0,173637488751758;-1;0,2991
5;1,5;2;2;0;0,999858747085954;1,22927259430572;0,816496580927726;0,412776013377992;44,6119688898564;-0,150094614236699;0,787758616765814;0,1134
4;1,42857142857143;3;2;1;1,12934659374948;1,05934990547138;1,34989711542111;-0,290547209949725;60,2606165597219;-0,215194422232863;0,54608049536381;0,1497
51;7,5;3;10;-7;0,431460533641717;1,10050493461461;0;1,10050493461461;20,3308462433685;0,0128448151289569;0;0,0367
7;1,66666666666667;2;3;-1;0,929582860096565;0,942809041582063;1,05409255338946;-0,111283511807396;34,1845655502916;-0,360658426966131;0,967099952627266;0,1103
4;1,3953488372093;2;2;0;1,59969983060029;1,64654520469713;1,50554530541816;0,140999899278967;98,0988308371247;-0,346017358928082;0,960440299213905;0,3535
3;1,30434782608696;2;3;-1;1,26446433579488;1,33749350984926;1,15470053837925;0,182792971470007;54,8131435106195;-0,123674706335843;0,903878570570139;0,1468
3;1,22448979591837;2;2;0;1,39601936107533;1,4142135623731;1,50554530541816;-0,0913317430450669;110,797722790021;-0,0446419856007295;0,64100354763077;0,2781
4;1,36363636363636;1;2;-1;1,07933857126132;1,10050493461461;1,17378779077727;-0,0732828561626555;48,0635876212826;-0,290343352569771;0,914740391365241;0,1162
3;1,30434782608696;3;3;0;1,03279555898864;0,788810637746616;0,737864787372622;0,0509458503739937;40,9779261645741;-0,281288666114327;0,772477227920159;0,1215
4;1,33333333333333;4;2;2;1,25448348476946;1,25166555703457;1,43372087784044;-0,182055320805865;48,1046728788912;-0,436861779383038;0,600955550086476;0,1494
2;1,25;2;1;1;1,27159315527506;0,966091783079296;1,33749350984926;-0,371401726769963;104,121503656008;-0,161633357006303;-1;0,2547
2;1,2;1;2;-1;1,32884130318091;1,56702123647242;1,26929551764398;0,297725718828437;60,7761856713525;-0,517893221140255;0,629330905511338;0,2253
3;1,25;1;2;-1;1,08090775828509;1,28668393770792;1,15950180872841;0,127182128979513;47,3990182835072;-0,284982867656723;0,814643737432655;0,1006
6;1,3953488372093;2;3;-1;1,22808472443699;1,52388392675499;1,07496769977314;0,448916226981855;61,6376275226695;-0,662882789027376;0,921779437812491;0,2331
4;1,33333333333333;3;2;1;0,920574617898323;0,823272602348565;0,875595035770913;-0,0523224334223485;33,0707397526287;-0,492951759018117;0,917399759794695;0,093
3;1,27659574468085;3;1;2;1,09066402828684;1,03279555898864;0,843274042711568;0,189521516277077;42,6651682673944;-0,0971931314097169;0,87099551774408;0,1338
7;1,17647058823529;7;1;6;1,07079884641866;0,471404520791032;1,49071198499986;-1,01930746420883;83,2730377364464;-0,0373959425387463;-0,195599554565149;0,2093
6;1,3953488372093;3;2;1;1,04300196900324;1,07496769977314;1,31656117720877;-0,241593477435627;51,2491288342809;-0,184690783999625;0,883469694422579;0,1222
5;1,33333333333333;2;4;-2;1,60190564482283;1,64654520469713;1,91195071996;-0,265405515262869;95,6077247656327;-0,133090811709083;0,910523105267675;0,3665
5;1,46341463414634;2;3;-1;1,53343158614218;1,34989711542111;1,75119007154183;-0,401292956120721;89,5764456933583;-0,182010954411764;0,945137913641424;0,3342
4;1,36363636363636;2;3;-1;1,38382504364259;1,44913767461894;1,44913767461894;0;77,7753962917853;-0,7013966228192;0,920231624859009;0,2605
2;1,15384615384615;2;2;0;1,27325819874759;1,49071198499986;1,22927259430572;0,261439390694141;65,8184069847294;-0,0655403131366345;0,832111823134125;0,2185
3;1,33333333333333;2;2;0;0,919960696777759;0,918936583472681;1,03279555898864;-0,113858975515963;30,7675207206095;-0,103059928737176;0,125193358902263;0,0738
3;1,33333333333333;2;2;0;1,28650096998126;1,3984117975602;1,19721899973786;0,201192797822337;75,1894554688182;-0,600743333995147;0,621529236313437;0,1976
3;1,2;2;1;1;1,40177450091391;1,33749350984926;1,22927259430572;0,10822091554354;78,6641888233476;-0,786309641906765;0,909303009137385;0,3169
3;1,36363636363636;2;2;0;1,16007013230425;1,22927259430572;0,966091783079296;0,263180811226422;47,9301067567682;-0,103553146784532;0,726185814961686;0,1238
4;1,36363636363636;2;2;0;1,02455722833051;1,33749350984926;0,994428926011753;0,343064583837505;49,2150976441802;-0,698986927634539;0,931692103528593;0,1511
4;1,15384615384615;3;2;1;1,341535506099;1,34989711542111;1,25166555703457;0,0982315583865332;52,4942450639722;-0,353727778629766;0,873084435925149;0,1836
4;1,22448979591837;1;2;-1;1,14783018094742;1,28668393770792;1,35400640077266;-0,0673224630647411;55,349898427853;-0,33440327770323;-0,812951344684908;0,1303
4;1,42857142857143;2;2;0;1,27945521598746;1,26929551764398;0,823272602348565;0,44602291529542;49,1028407973555;-0,560652809228364;0,924546715432728;0,2059
2;1,2;2;2;0;1,29960880685207;1,50554530541816;1,41813649241218;0,0874088130059856;65,3888499124892;-0,303606216636381;0,780487804878049;0,1834
3;1,25;3;3;0;1,22081754583803;0,823272602348565;1,4142135623731;-0,590940960024531;43,0838190068252;-0,743985120727447;0,95845399676979;0,1521
4;1,2;2;4;-2;1,14128978479673;1,05409255338946;1,15950180872841;-0,105409255338946;57,468210474337;-0,50590806799324;0,865008070984174;0,1865
3;1,25;3;2;1;1,4403389431611;1,28668393770792;1,49443411809733;-0,207750180389408;87,8637941857391;-0,344800254729328;0,947407378469961;0,3181
3;1,30434782608696;3;2;1;1,09182892225853;1,07496769977314;0,674948557710553;0,400019142062587;52,7821837161934;-0,457601894098964;0,196750635901487;0,1673
4;1,42857142857143;2;2;0;0,998728004573139;1,10050493461461;0,875595035770913;0,224909898843699;45,4325118777598;-0,0253842599073306;0,822020697998492;0,1224
4;1,36363636363636;2;3;-1;1,04746128388735;1,3984117975602;0,823272602348565;0,575139195211637;72,8306759005022;0,0254348218462144;-0,465251031927812;0,1395
4;1,42857142857143;3;2;1;0,865372784698696;0,816496580927726;0,994428926011753;-0,177932345084027;26,7084601218468;-0,258847709859345;0,786604296108729;0,0861
3;1,15384615384615;2;1;1;1,26613875409955;1,33749350984926;1,13529242439509;0,202201085454165;50,6734607165983;-0,141544491964806;0,862261354818581;0,1661
3;1,5;2;3;-1;1,40419066099635;1,07496769977314;1,3984117975602;-0,323444097787062;73,4442554789794;-0,456779856243669;0,949506626956371;0,3052
2;1,17647058823529;2;2;0;1,25987623820486;1,54919333848297;1,33749350984926;0,211699828633708;58,9375562611921;-0,540746304673055;0,650056432138577;0,1835
3;1,25;3;2;1;1,33816215986767;1,15950180872841;1,10050493461461;0,0589968741137938;72,1327276980206;-0,391147765563798;-0,839604220416645;0,2134
4;1,30434782608696;1;2;-1;1,30795048196667;1,49071198499986;1,33749350984926;0,153218475150601;86,2778199945765;-0,188870158465792;0,609148341110361;0,226
4;1,33333333333333;4;2;2;1,33868980554878;1,17851130197758;1,3984117975602;-0,219900495582623;62,9246425462557;-0,553684601311297;0,966333812524507;0,2191
4;1,33333333333333;2;2;0;1,18022788185475;1,33749350984926;1,19721899973786;0,140274510111394;61,0914474663923;-0,492105713062084;0,513122466840677;0,1605
4;1,27659574468085;1;2;-1;1,09686250033118;0,994428926011753;1,17851130197758;-0,184082375965826;53,2288086539779;-0,211509958255135;-0,73623682916365;0,1252
5;1,42857142857143;3;5;-2;0,975838043430184;1,13529242439509;0,849836585598797;0,285455838796296;40,3930110714105;-0,708276028305445;0,930606668894899;0,1255
10;2,5;3;5;-2;1,3066539835658;1,15950180872841;1,31656117720877;-0,157059368480361;114,87032503467;-0,37958074778468;-0,46561375225261;0,4258
3;1,2;2;1;1;1,29099444873581;1,4142135623731;1,47572957474524;-0,0615160123721485;65,5825031682948;-0,479317486337544;0,925817578548892;0,26
3;1,25;2;2;0;1,3813732625165;1,34989711542111;1,41813649241218;-0,0682393769910707;58,3485265314254;-0,162363867146606;0,827399765433313;0,1695
4;1,30434782608696;3;2;1;1,13446271411515;1,17378779077727;1,08012344973464;0,0936643410426239;62,7565104385713;-0,332138527425772;0,847604896310651;0,148
3;1,2;1;3;-2;1,13047162799201;1,26491106406735;1,22927259430572;0,0356384697616334;43,9656538490337;-0,144659390589461;0,940302381752857;0,1731
3;1,30434782608696;2;3;-1;1,09376765522474;0,994428926011753;1,22927259430572;-0,234843668293965;46,4099481350636;-0,530308873959182;0,987857174234414;0,1884
4;1,46341463414634;3;3;0;1,02662300883035;1,19721899973786;1,10050493461461;0,096714065123253;43,8674318327357;-0,13139896215756;0,820482331605978;0,0941
3;1,2;2;2;0;1,14128978479673;1,22927259430572;0,994428926011753;0,234843668293965;51,2106674848199;-0,261526722181681;0,310235689264376;0,1218
4;1,3953488372093;3;2;1;1,20965980182785;1,24721912892465;0,918936583472681;0,328282545451966;72,452927619486;-0,408749296432058;0,92701233908604;0,2634
4;1,27659574468085;3;3;0;1,10161668561887;1,15470053837925;1,03279555898864;0,121904979390607;57,7132060544398;-0,0830741310465378;0,674945283432379;0,1646
4;1,42857142857143;2;1;1;1,0078785685982;0,942809041582063;1,26491106406735;-0,322102022485288;50,5452634443736;-0,225266731303265;-0,162924302524645;0,0924
2;1,17647058823529;2;2;0;1,38790172074275;1,56347191994114;1,71269767715535;-0,149225757214207;104,555910351246;-0,185892004878885;0,977398348243083;0,2958
2;1,13207547169811;2;2;0;1,19733696978296;1,41813649241218;0,948683298050514;0,469453194361663;70,1836521131289;-0,15689793697117;0,409323562416998;0,2015
7;1,57894736842105;2;4;-2;1,08651206830678;1,19721899973786;0,788810637746616;0,408408361991249;49,3696583871972;-0,0252586467254467;0,682656280312516;0,1305
3;1,36363636363636;2;3;-1;1,12131379763577;1,22927259430572;1,15950180872841;0,0697707855773126;56,422991230141;-0,20303568710118;0,945357585642712;0,1369
3;1,15384615384615;2;1;1;1,34657968058269;1,26491106406735;1,22927259430572;0,0356384697616334;62,9564004909054;-0,477013002797109;-1;0,1924
4;1,33333333333333;2;4;-2;1,03320575119082;0,816496580927726;0,966091783079296;-0,14959520215157;87,7114285653527;0,00177193590663686;0,570896578673698;0,401
3;1,27659574468085;3;2;1;1,31441379170306;1,50923085635624;1,22927259430572;0,279958262050518;61,4458096196748;-0,159223467730283;0,535506011947616;0,2358
2;1,25;2;2;0;1,38300826621057;1,72884033065199;1,33749350984926;0,391346820802733;90,2771906664372;-0,269791154563572;1,35294253726752e-16;0,2641
7;2;2;3;-1;1,9889525392502;2,06559111797729;2,10818510677892;-0,0425939888016309;184,491013569743;-0,409551290862171;0,916990248934784;0,7983
3;1,2;2;2;0;1,22635834985533;1,05409255338946;0,948683298050514;0,105409255338946;76,6381447984781;0,144133636635027;0,544571485296265;0,1946
4;1,25;2;2;0;1,20685424767916;1,08012344973464;1,17378779077727;-0,0936643410426239;57,6958419056984;-0,2211298633692;0,823978409713956;0,1989
5;1,30434782608696;1;1;0;1,23633776673138;1,33333333333333;1,15950180872841;0,173831524604928;68,8151940892947;-0,346750684518048;0,741234440434462;0,2237
3;1,17647058823529;2;2;0;1,33361578929103;1,25166555703457;1,07496769977314;0,176697857261433;70,3928845127536;-0,186760641586747;0,965311810713372;0,2295
4;1,25;1;4;-3;0,954324087130172;0,966091783079296;0,843274042711568;0,122817740367728;44,9532021156838;-0,134063842667469;0,862797954349406;0,1113
3;1,30434782608696;3;2;1;1,35671587523022;1,66332999331662;1,33333333333333;0,329996659983287;76,6043258619683;-0,588237944417124;0,68242024839833;0,2659
3;1,27659574468085;2;2;0;1,16868268107282;1,13529242439509;0,918936583472681;0,216355840922412;57,2745495373819;-0,225002324416184;0,605738429734992;0,1671
5;1,5;2;3;-1;0,819259690621946;0,966091783079296;0,674948557710553;0,291143225368743;34,723213833374;-0,155405405405405;0,586799548232691;0,0813
51;6;1;10;-9;0,582222509739582;1,49071198499986;0;1,49071198499986;29,8974375938675;-0,012350385893836;0;0,0672
2;1,15384615384615;2;1;1;1,29143199982403;1,33333333333333;1,13529242439509;0,19804090893824;54,352895196115;-0,588707422315877;0,9752300040689;0,2419
7;1,66666666666667;2;6;-4;0,825271740899738;0,788810637746616;0,316227766016838;0,472582871729778;41,5639336521844;-1,58569430183475e-20;-0,597937645115154;0,084
4;1,33333333333333;2;2;0;1,34626497337303;0,994428926011753;0,966091783079296;0,0283371429324574;79,5567034255325;-0,108749422743966;0,462264894125763;0,2715
15;2,22222222222222;3;2;1;0,613179174927665;0,849836585598797;0,674948557710553;0,174888027888245;35,5228854662;0,0310935092337281;-1;0,0759
4;1,42857142857143;2;2;0;0,965360504658649;1,3703203194063;0,843274042711568;0,52704627669473;61,4817520852146;-0,443547305345755;0,720193192489789;0,1127
3;1,25;2;1;1;1,11689642631653;1,28668393770792;0,849836585598797;0,436847352109121;39,5794901249477;-0,650958032184172;0,724306719253702;0,1119
3;1,33333333333333;3;2;1;1,27059308185627;0,966091783079296;1,24721912892465;-0,281127345845351;79,1179922095758;-0,105334714203002;0,186259335186688;0,2161
4;1,42857142857143;4;3;1;0,909926426528494;0,994428926011753;0,823272602348565;0,171156323663189;69,7977975690275;0,292839177435751;-1;0,1532
4;1,15384615384615;2;1;1;1,13296770439807;0,942809041582063;1,33749350984926;-0,394684468267195;83,4881260676923;-0,408232595548513;1,92158677442666e-16;0,1895
3;1,42857142857143;2;2;0;1,34825687840615;1,44913767461894;1,19721899973786;0,251918674881079;60,75764390864;-0,225072832317648;0,578081377716777;0,2058
4;1,33333333333333;4;3;1;1,02013624879312;0,843274042711568;0,918936583472681;-0,0756625407611137;55,8325777524568;-0,200854561532826;0,771021346051931;0,1374
2;1,17647058823529;2;1;1;1,16153025891402;0,994428926011753;1,05934990547138;-0,0649209794596269;62,4265014352618;-0,21162584898696;0,504599080186003;0,1822
4;1,22448979591837;2;1;1;1,01625211516726;1,10050493461461;1,05934990547138;0,0411550291432317;44,6117451861274;0,0637531877390824;0,550171306589265;0,129
3;1,2;1;2;-1;1,23324934818643;1,13529242439509;1,33749350984926;-0,202201085454165;77,5595251225106;0,00249573230701497;0,835270681884973;0,2085
4;1,46341463414634;2;3;-1;1,34405995965256;1,42984070596848;1,49443411809733;-0,0645934121288454;87,3837648297842;0,0888241909697274;0,766457436392123;0,2656
4;1,22448979591837;1;4;-3;1,19272749195132;1,33333333333333;1,17851130197758;0,154822031355754;67,595157783247;-0,238412133709967;-0,977369382209073;0,162
5;1,30434782608696;2;3;-1;1,23462293244162;1,26491106406735;1,10050493461461;0,16440612945274;58,892667914556;-0,254823595718813;0,387726977825554;0,1694
3;1,3953488372093;3;3;0;0,940459077704159;0,994428926011753;0,843274042711568;0,151154883300185;42,1719541788685;-0,464781241187955;0,61550850161939;0,1091
3;1,27659574468085;2;3;-1;1,16189500386223;0,843274042711568;1,17378779077727;-0,3305137480657;67,9670673504852;-0,239087892762835;0,870747481771482;0,1719
4;1,27659574468085;2;3;-1;1,08651206830678;1,15950180872841;0,97182531580755;0,187676492920856;60,6146774521114;-0,197807423130701;0,583495447195266;0,1545
4;1,46341463414634;2;2;0;1,27292536428922;1,05409255338946;1,19721899973786;-0,143126446348405;57,5055232765467;-0,269627254900882;0,413320537281547;0,1456
3;1,25;2;2;0;1,14227941410454;1,19721899973786;1,25166555703457;-0,0544465572967077;54,8488601702017;-0,564384216495559;0,191573300254824;0,1589
4;1,33333333333333;2;2;0;1,24691710225139;0,994428926011753;1,59513148186739;-0,600702555855633;80,9859673104533;-0,290803614541881;0,544938840413142;0,2132
4;1,46341463414634;3;3;0;1,34500540817597;1,24721912892465;1,26929551764398;-0,0220763887193376;79,140004289983;-0,345902562965532;0,492154231674153;0,2657
3;1,30434782608696;2;1;1;1,27159315527506;1,4142135623731;1,26491106406735;0,149302498305743;66,552121189309;-0,144620305212437;-0,560897727219668;0,1949
3;1,25;2;2;0;1,21942841106705;1,28668393770792;0,737864787372622;0,548819150335297;59,4372366752848;-0,149285381366909;0,77250645966287;0,1987
4;1,42857142857143;3;2;1;0,798303285470641;0,674948557710553;0,823272602348565;-0,148324044638012;44,8028944694323;-0,141300070280167;-0,0424030860846645;0,1474
4;1,25;3;2;1;1,31602465932626;1,31656117720877;0,994428926011753;0,322132251197013;79,9669715834771;-0,257747787525008;0,622946254460768;0,2486
3;1,25;2;2;0;1,32724599110487;1,49071198499986;1,25166555703457;0,239046427965287;78,5968578862208;-0,621306158521803;0,909919455903454;0,2625
3;1,33333333333333;3;2;1;1,46242967864159;1,03279555898864;1,28668393770792;-0,253888378719274;86,8977483180229;-0,325499507430646;0,880576990998951;0,3151
4;1,36363636363636;4;2;2;1,06032720672005;0,843274042711568;1,26491106406735;-0,421637021355784;49,6806797988224;-0,436517360393508;0,772638363427911;0,11
3;1,25;2;2;0;1,36501898747167;1,17851130197758;1,17378779077727;0,00472351120031189;64,2196132919554;0,0375623078097593;0,454265447422205;0,2126
2;1,15384615384615;1;2;-1;1,15604527505029;1,10050493461461;1,05409255338946;0,046412381225152;86,1125612154864;0,0709220005566193;-0,207470160731212;0,2161
4;1,36363636363636;2;2;0;0,857667313320837;0,674948557710553;1,03279555898864;-0,357847001278092;28,2027386375829;-0,487079423611734;0,943437396147978;0,05
4;1,57894736842105;3;4;-1;1,28122028696427;1,10050493461461;1,64654520469713;-0,546040270082517;93,4181602750989;-0,0882514099550805;0,52899919901323;0,3085
60;60;10;10;0;0;0;0;0;5,11812067538305;0;0;0,0194
3;1,30434782608696;2;3;-1;1,12131379763577;0,816496580927726;1,13529242439509;-0,318795843467367;64,7249863553198;-0,450108090441521;0,509540270810455;0,1309
3;1,27659574468085;2;2;0;1,40177450091391;1,49071198499986;1,17378779077727;0,316924194222592;59,7685209050472;0,10157580314314;0,499134447779014;0,1896
2;1,15384615384615;2;2;0;1,41261467711075;1,25166555703457;1,22927259430572;0,0223929627288542;79,5199268365455;-0,194777232213496;0,889122770102048;0,2737
4;1,30434782608696;2;2;0;1,08612200831636;0,788810637746616;1,07496769977314;-0,286157062026524;49,488361721992;-0,71367117805583;0,828079537946787;0,1401
3;1,25;2;2;0;1,21385597485188;1,17851130197758;1,17851130197758;0;67,661027982692;-0,285369897429427;0,870342621942144;0,223
3;1,25;3;3;0;1,12131379763577;1,31656117720877;1,15470053837925;0,161860638829515;41,5954624121651;-0,17273026302592;0,384097339048418;0,1432
3;1,27659574468085;2;2;0;1,21420500135304;1,15950180872841;1,31656117720877;-0,157059368480361;66,994006513721;-0,133870628620121;0,889292928486;0,2291
20;2,5;10;4;6;0,825271740899738;0;0,666666666666667;-0,666666666666667;64,7211655093282;0,164667057327865;0,450068999006496;0,1562
4;1,27659574468085;2;4;-2;1,30568076492189;1,68654808542314;1,03279555898864;0,653752526434491;62,0726633485037;-0,0965346608585145;0,813830687932387;0,2322
4;1,22448979591837;4;3;1;1,27680303441861;1,07496769977314;1,3984117975602;-0,323444097787062;66,2003357098242;-0,00556707965413956;0,918619008381551;0,2149
3;1,53846153846154;2;2;0;1,23267656967419;1,63639169448448;1,15950180872841;0,476889885756071;69,2595266097116;-0,446543271149095;0,598892403136587;0,2261
4;1,33333333333333;2;3;-1;1,13794343191447;0,994428926011753;1,13529242439509;-0,14086349838334;54,5916587375105;-0,211800667957333;0,826226434165904;0,1391
3;1,2;2;2;0;1,56759198542489;1,17851130197758;1,43372087784044;-0,255209575862859;105,414880485053;-0,793039198560811;0,963378580626416;0,4065
3;1,17647058823529;2;3;-1;1,35910821542765;1,57762127549323;1,05934990547138;0,518271370021851;76,8111191604229;-0,203355313327797;0,542638352210205;0,2334
3;1,30434782608696;2;2;0;1,1551897146513;1,07496769977314;1,25166555703457;-0,176697857261433;67,9217498466343;-0,295186379697984;0,907132603271734;0,1948
6;1,53846153846154;2;5;-3;1,24146805752428;1,10050493461461;1,15950180872841;-0,0589968741137938;50,4800272001963;-0,0307255633162105;0,9465050132512;0,1785
3;1,17647058823529;2;2;0;1,27945521598746;1,34989711542111;1,17378779077727;0,176109324643838;63,1240938554152;-0,330737314325371;-0,466037231268829;0,1779
4;1,36363636363636;2;4;-2;1,14128978479673;1,15470053837925;0,788810637746616;0,365889900632636;45,3790248871384;0,107390801418593;0,770667093411363;0,1458
5;1,57894736842105;2;2;0;0,910702218660659;1,13529242439509;1,25166555703457;-0,116373132639479;67,4888582244723;0,0928806335251863;-0,0266456388240757;0,1319
5;1,3953488372093;2;3;-1;1,20486302759037;1,13529242439509;1,19721899973786;-0,0619265753427714;64,6367754779792;-0,278721046917675;0,557044381870572;0,1595
3;1,27659574468085;2;3;-1;1,13234420112902;0,942809041582063;0,942809041582063;0;60,9807778974991;-0,326781733001758;0,897839825226698;0,1443
7;1,53846153846154;2;3;-1;1,27381272958646;0,875595035770913;1,3703203194063;-0,494725283635384;88,3475603493513;-0,0393605424786068;-0,959740634319249;0,2465
3;1,13207547169811;2;3;-1;1,34825687840615;1,05934990547138;1,10050493461461;-0,0411550291432317;73,8983633464595;-0,474666367461861;0,751873257466928;0,2671
3;1,36363636363636;2;3;-1;0,90883920501097;0,918936583472681;0,966091783079296;-0,0471551996066144;35,5338573055919;-0,130610734353572;-1;0,0783
4;1,25;2;2;0;1,17458972281778;1,17378779077727;1,26929551764398;-0,0955077268667173;65,6766487210009;-0,292811721610147;0,553692143074588;0,153
4;1,22448979591837;2;2;0;1,00843896817922;0,674948557710553;0,816496580927726;-0,141548023217173;46,2410682167697;-0,210628902022848;0,637205282751602;0,1398
3;1,33333333333333;2;2;0;1,17458972281778;1,59513148186739;1,13529242439509;0,459839057472293;78,4373312720618;-0,09120186783338;0,975131290189398;0,1683
3;1,30434782608696;3;3;0;1,12634100866328;0,97182531580755;1,10050493461461;-0,128679618807062;47,6048220762182;-0,203355313327797;0,475023839384691;0,1482
3;1,27659574468085;2;2;0;1,05552086373757;1,24721912892465;1,10050493461461;0,146714194310035;89,1094875000103;0,010646490574777;0,482466333558348;0,2312
4;1,33333333333333;2;2;0;1,71895382715389;1,50923085635624;1,82878222991269;-0,319551373556458;87,8196332933323;-0,73884233162571;0,864002432895546;0,4262
4;1,25;2;2;0;1,34657968058269;1,31656117720877;1,17378779077727;0,142773386431499;47,8052876236479;-0,221371618535465;0,558742531141409;0,1699
7;1,76470588235294;3;6;-3;1,16577851585222;1,52388392675499;1,03279555898864;0,49108836776635;68,1565698073593;0,105832591478696;-1;0,2067
3;1,22448979591837;2;2;0;1,12244688321974;1,10050493461461;1,17378779077727;-0,0732828561626555;78,4832053393497;-0,385618852704394;0,017293964115306;0,1654
2;1,2;2;2;0;1,3066539835658;1,54919333848297;1,17851130197758;0,370682036505388;66,54877409894;-0,216005785786103;0,938963797942497;0,2279
3;1,22448979591837;1;3;-2;1,04300196900324;1,33749350984926;0,948683298050514;0,388810211798745;73,717479433341;-0,443771664260079;4,90485017277609e-16;0,1631
5;1,25;2;2;0;1,50141176501838;1,7763883459299;1,42984070596848;0,346547639961416;112,163351879358;-0,20971978408574;0,657432939914548;0,3877
3;1,30434782608696;2;2;0;1,22128023963741;1,08012344973464;1,33333333333333;-0,25320988359869;61,2536727193196;-0,310588457339287;0,724374816628982;0,1975
3;1,2;2;2;0;1,17699224061303;1,07496769977314;1,05934990547138;0,0156177943017597;52,8803114749032;-0,456932262251064;0,870948739189055;0,1554
4;1,25;2;1;1;1,35129149355902;1,50554530541816;1,43372087784044;0,0718244275777242;58,2930831551781;-0,587960151658863;0,977947884616352;0,2167
3;1,3953488372093;2;1;1;0,801834055841572;0,875595035770913;0,737864787372622;0,137730248398291;26,0404168158614;-0,405906348054939;0,318313742898867;0,0429
4;1,62162162162162;3;3;0;1,07079884641866;0,948683298050514;1,17378779077727;-0,225104492726754;64,6579692457024;-0,139754248593737;0,581071386977727;0,1552
5;1,42857142857143;2;3;-1;1,57406595027629;1,61932770686548;1,54919333848297;0,0701343683825157;104,867104648858;-0,525858039269732;0,605974322471993;0,3353
4;1,36363636363636;4;3;1;1,21420500135304;1,25166555703457;0,994428926011753;0,257236631022819;61,5090213001358;-0,464326215038939;0,796600343976178;0,242
3;1,33333333333333;3;3;0;1,49679506954893;1,58113883008419;1,3984117975602;0,182727032523988;73,193815127673;-0,353451133645193;0,699641973078019;0,3036
3;1,2;2;2;0;1,185005184856;1,70293863659264;1,17378779077727;0,529150845815373;76,9961496844025;-0,23460152395883;-0,515135235741171;0,1751
4;1,36363636363636;2;4;-2;1,14783018094742;1,05934990547138;1,25166555703457;-0,192315651563192;67,1920161424589;-0,17720827629298;0,867154328729325;0,2111
4;1,42857142857143;2;3;-1;1,44621071207788;1,33749350984926;1,26929551764398;0,068197992205274;95,2457668653342;-0,661736343726399;0,686375322235033;0,3072
3;1,15384615384615;3;1;2;1,31441379170306;1,07496769977314;1,35400640077266;-0,27903870099952;80,4532656481397;-0,202220522491075;0,867944207962511;0,2082
4;1,25;2;3;-1;0,922260793784173;0,875595035770913;0,918936583472681;-0,0433415477017683;66,5420661574131;0,167495859181333;0,189520084630657;0,1349
3;1,2;2;1;1;1,16007013230425;1,13529242439509;1,22927259430572;-0,0939801699106249;71,9046829797041;-0,0954637782446794;0,90463872442017;0,2223
3;1,25;3;2;1;1,33995530745943;1,10050493461461;1,26491106406735;-0,16440612945274;62,8554284220153;-0,364060512209748;0,957136221802557;0,2335
5;1,57894736842105;2;2;0;1,08651206830678;0,994428926011753;0,994428926011753;0;61,9284129392592;-0,172269746428;-0,113629421668048;0,1366
4;1,33333333333333;2;2;0;1,23633776673138;1,05934990547138;1,28668393770792;-0,227334032236539;50,2491704424377;-0,123322046220539;0,913791330820224;0,1577
3;1,27659574468085;2;3;-1;1,06032720672005;0,918936583472681;1,19721899973786;-0,278282416265183;62,1849049061145;-0,133398004649765;0,788909865291293;0,1711
4;1,2;1;2;-1;1,43562423675297;1,49071198499986;1,56702123647242;-0,0763092514725614;93,9627030665117;-0,33330402415071;0,93802638838848;0,3051
3;1,27659574468085;2;3;-1;0,993054979389558;1,10050493461461;0,823272602348565;0,277232332266047;58,3599766574282;0,0240087215517891;-0,58545207332526;0,1442
4;1,33333333333333;2;4;-2;1,21420500135304;1,13529242439509;1,05934990547138;0,0759425189237133;54,1408684595704;-0,287727593374292;-0,103893771849787;0,1297
4;1,33333333333333;2;2;0;0,965360504658649;0,994428926011753;0,948683298050514;0,0457456279612395;48,1598286332673;-0,424272591439067;0,882837891197108;0,1259
4;1,30434782608696;2;2;0;1,04746128388735;1,24721912892465;0,918936583472681;0,328282545451966;55,8713336981924;-0,383885947974957;0,794546163664621;0,1663
5;1,3953488372093;2;3;-1;0,965360504658649;0,699205898780101;1,25166555703457;-0,552459658254472;90,4149290458446;-0,0539216118172765;-1;0,1887
4;1,30434782608696;2;2;0;1,22532135759503;1,3703203194063;1,35400640077266;0,0163139186336376;51,6960640774692;0,0138384833927058;0,0312345105927882;0,1498
4;1,42857142857143;2;2;0;1,07933857126132;1,10050493461461;1,07496769977314;0,025537234841472;63,3414779958183;-0,172395706791903;0,864194634685918;0,2093
3;1,17647058823529;2;2;0;1,02662300883035;1,03279555898864;1,15950180872841;-0,126706249739761;63,0359726738793;0,271756640199459;0,304089643007995;0,1634
4;1,22448979591837;1;2;-1;1,36170381806603;1,56347191994114;1,57762127549323;-0,0141493555520877;47,6067376180494;-0,544199759929067;0,836629290663199;0,1799
4;1,5;2;3;-1;1,04840476075459;1,07496769977314;1,25166555703457;-0,176697857261433;41,9225812986977;-0,23009785184773;0,248664089657532;0,1091
4;1,30434782608696;2;2;0;1,34919938595111;1,15950180872841;1,49071198499986;-0,331210176271454;78,8958723805399;-0,271216311940965;0,687368646093104;0,2687
2;1,17647058823529;2;2;0;1,19035673331249;1,13529242439509;1,19721899973786;-0,0619265753427714;81,9020281943221;-0,064390928291116;-0,0765763825886541;0,1912
3;1,17647058823529;1;3;-2;1,03211154304568;1,15470053837925;1,05409255338946;0,100607984989792;86,3200715294829;-0,00979921335072704;-0,788788505379605;0,2167
4;1,22448979591837;2;2;0;1,27159315527506;1,17378779077727;1,35400640077266;-0,180218609995393;43,4113214138337;-0,324236066536524;0,781701759818462;0,1339
3;1,2;3;2;1;1,4225782275711;1,05934990547138;1,47572957474524;-0,416379669273863;67,4476381909497;-0,429537905409574;0,973195040021085;0,2802
5;1,30434782608696;1;3;-2;1,43641109580725;1,33749350984926;1,17378779077727;0,163705719071991;84,8491212754941;-0,636153633241198;0,944128870671383;0,2821
5;1,42857142857143;3;2;1;1,20016477211506;1,17851130197758;1,33333333333333;-0,154822031355754;64,7182444147559;-0,231759023991746;0,970905625505022;0,2029
4;1,33333333333333;4;2;2;1,11182651168714;0,942809041582063;1,31656117720877;-0,373752135626703;64,4004303037137;-0,212546918402882;0,821274889471373;0,1642
4;1,5;2;2;0;1,04948198144538;0,918936583472681;1,24721912892465;-0,328282545451966;52,496632718146;-0,512423720903222;0,976377920571647;0,1634
3;1,30434782608696;2;2;0;1,02786048427851;1,17378779077727;1,05934990547138;0,114437885305887;42,2564172805041;-0,53686679242906;0,978801649846803;0,1542
4;1,30434782608696;2;2;0;0,988493117865672;1,03279555898864;0,942809041582063;0,089986517406581;49,6276123955184;0,178399483360411;0,808615597036713;0,1227
6;1,25;1;1;0;1,14227941410454;1,07496769977314;1,17851130197758;-0,103543602204439;103,733553731561;0,214105214335763;0,407183719110087;0,2811
3;1,2;2;3;-1;1,36791317000677;1,56347191994114;1,33749350984926;0,225978410091885;130,744659685226;0,0446810048546525;0,451606337600427;0,3943
3;1,25;2;3;-1;1,00843896817922;1,05934990547138;0,674948557710553;0,384401347760827;55,6431710746134;-0,240951405348832;0,941460470966853;0,1514
5;1,36363636363636;4;2;2;0,923638102631528;0,97182531580755;0,875595035770913;0,0962302800366369;39,4544760050081;-0,240586311744901;0,484301496489856;0,0811
4;1,46341463414634;2;2;0;1,27159315527506;0,994428926011753;1,35400640077266;-0,359577474760907;83,9478500092206;-0,16388488507578;0,26149954222239;0,2288
4;1,33333333333333;2;2;0;1,21385597485188;1,22927259430572;1,49443411809733;-0,265161523791608;66,3375035515632;-0,201105006751921;0,316644668981377;0,1783
5;1,46341463414634;3;3;0;1,17121791842056;1,03279555898864;1,17378779077727;-0,140992231788623;60,2103678371122;-0,561971270064575;0,655186982199944;0,1734
3;1,22448979591837;2;2;0;1,32767159508923;1,54919333848297;1,31656117720877;0,2326321612742;92,8471760223217;-0,26543750507164;0,817494181188272;0,2522
4;1,36363636363636;2;3;-1;1,05552086373757;1,05409255338946;0,737864787372622;0,316227766016838;55,7943937473807;-0,0802342813397542;0,452380952380953;0,1581
3;1,25;3;2;1;1,12734376070578;1,19721899973786;0,875595035770913;0,321623963966952;55,8238303863747;-0,185522895269313;0,27511756328651;0,1438
4;1,66666666666667;2;3;-1;0,999858747085954;0,918936583472681;0,994428926011753;-0,0754923425390718;55,4541726056167;0,131775408947805;0,740540045142884;0,121
3;1,27659574468085;3;2;1;1,26847922648445;1,05934990547138;1,24721912892465;-0,187869223453267;71,208828091105;-0,31384763951897;0,959517485408839;0,2213
3;1,27659574468085;2;3;-1;0,964921471585996;0,994428926011753;0,948683298050514;0,0457456279612395;38,0058900935451;-0,288292728201125;0,739356659876724;0,1133
4;1,22448979591837;3;4;-1;1,11727574248516;1,05409255338946;0,918936583472681;0,135155969916778;57,4579446944051;-0,310084825636192;0,855612087988337;0,1629
3;1,25;2;2;0;1,20016477211506;1,10050493461461;0,699205898780101;0,401299035834511;55,7652604200739;-0,273273351551119;0,184993677000841;0,133
60;60;10;10;0;0;0;0;0;5,11812067538305;0;0;0,0194
4;1,30434782608696;3;3;0;0,993054979389558;0,843274042711568;0,823272602348565;0,0200014403630032;40,8282888986268;-0,620968291510548;0,925044565399848;0,1623
4;1,66666666666667;2;4;-2;1,00211640448383;0,918936583472681;0,918936583472681;0;39,0672737942134;-0,312378001166539;0,545517806273371;0,0979
3;1,27659574468085;3;1;2;1,4021774833862;1,26929551764398;1,10050493461461;0,168790583029373;120,070310881195;-0,13954188932556;-0,0176984281133497;0,2815
3;1,3953488372093;2;2;0;1,10724374035935;0,994428926011753;1,03279555898864;-0,0383666329768911;55,0438390821028;0,260462296740089;0,650322721723042;0,1669
3;1,22448979591837;2;2;0;1,185005184856;1,10050493461461;1,50554530541816;-0,40504037080355;44,3575548261889;-0,545274441586002;0,926738478514031;0,1417
3;1,27659574468085;2;2;0;0,965360504658649;0,948683298050514;1,05934990547138;-0,110666607420866;42,1012697960142;-0,450693909432999;0,727181794760823;0,0939
5;1,3953488372093;2;3;-1;1,05444981235698;1,13529242439509;1,28668393770792;-0,151391513312825;40,4118862118101;-0,467036210348008;0,956441460840265;0,1434
3;1,25;2;3;-1;0,929582860096565;1,03279555898864;0,875595035770913;0,157200523217731;39,1365446034824;-0,302493328656149;0,970570721518325;0,0805
3;1,3953488372093;2;2;0;1,05765971266595;1,28668393770792;1,17378779077727;0,112896146930652;59,5301285006073;-0,193154873848533;0,722552784211336;0,1262
5;1,46341463414634;2;4;-2;1,36076997146992;1,10050493461461;1,49443411809733;-0,393929183482715;77,6715291917401;-0,664518880922794;0,815292208046855;0,2918
6;1,36363636363636;1;2;-1;1,27325819874759;1,08012344973464;1,54919333848297;-0,469069888748323;70,2506182283775;-0,262404324842378;0,944720244328351;0,2729
4;1,46341463414634;3;3;0;0,973664520700049;0,843274042711568;0,843274042711568;0;37,2398689532772;-0,0292265256397981;0,114071938973191;0,0756
4;1,2;1;3;-2;1,44972235798936;1,49443411809733;1,34989711542111;0,144537002676221;90,8195403455521;-0,141330252420145;0,759591794226542;0,2492
42;10;10;10;0;0,873172021156813;0;0;0;72,540243926392;0,233785950059759;0,199722820901183;0,1922
5;1,33333333333333;3;5;-2;1,04907815330957;0,942809041582063;0,97182531580755;-0,0290162742254867;54,3924617725735;-0,348400158465448;0,41124380568602;0,1136
3;1,17647058823529;2;2;0;1,12696783324776;1,4142135623731;0,942809041582063;0,471404520791032;84,7056583326645;-0,237918215613383;0,613359530866428;0,1852
3;1,30434782608696;1;2;-1;1,02510851017203;1,13529242439509;1,05409255338946;0,0811998710056336;44,9360307920654;-0,388116120795009;0,984828692303599;0,1767
3;1,22448979591837;2;1;1;1,00997846371848;1,24721912892465;0,948683298050514;0,298535830874133;67,262206775976;-0,156684135019917;0,470972036928634;0,1631
2;1,11111111111111;2;1;1;1,16976988417419;1,05934990547138;1,31656117720877;-0,257211271737386;102,887372834462;0,0321324054968172;0,576297686712756;0,2465
5;1,71428571428571;4;3;1;1,06511186118462;0,849836585598797;0,966091783079296;-0,116255197480498;35,7195535513972;-0,131535396783317;0,835126188521607;0,0901
4;1,5;3;3;0;1,21884913764542;1,31656117720877;1,13529242439509;0,181268752813673;44,4169529451591;-0,8036006725774;0,900483967520242;0,1584
3;1,33333333333333;2;2;0;0,928366526098211;1,13529242439509;0,699205898780101;0,436086525614993;39,7843236883102;0,123082166925918;-1;0,1396
2;1,13207547169811;1;2;-1;1,45079366551106;1,54919333848297;1,54919333848297;0;79,5810998316907;0,0136622651613891;0,615690915393745;0,2295
4;1,36363636363636;4;3;1;1,26345861966897;1,07496769977314;1,22927259430572;-0,154304894532578;68,4790466133548;-0,308423169310316;0,954730834237364;0,2448
2;1,30434782608696;2;2;0;1,35661176473816;1,34989711542111;1,42984070596848;-0,0799435905473753;103,328947984107;-0,247142885055309;0,265470839148683;0,3273
2;1,09090909090909;2;1;1;0,971922202833942;0,816496580927726;1,03279555898864;-0,216298978060918;84,9205853831092;0,286082176525224;-0,0922164578455548;0,1916
7;1,3953488372093;2;6;-4;1,21327404089311;1,52388392675499;0,737864787372622;0,786019139382373;52,200781550805;0,0587990182567872;0,861522543751671;0,1771
3;1,30434782608696;3;3;0;1,43906356871483;1,05409255338946;1,57762127549323;-0,523528722103771;76,3267212069284;-0,189123005415384;0,817771395130878;0,228
3;1,27659574468085;2;2;0;1,0300567698688;1,31656117720877;0,875595035770913;0,440966141437854;38,9302938449894;-0,493237886734516;0,536969843932825;0,1209
4;1,46341463414634;3;2;1;1,15604527505029;1,05934990547138;1,15950180872841;-0,100151903257025;91,0947027294673;-0,157718984867463;0,955028914961407;0,211
3;1,2;2;2;0;1,20544902199669;1,22927259430572;1,07496769977314;0,154304894532578;73,6168543203182;-0,103911878527542;0,615917141371286;0,2194
5;1,46341463414634;3;2;1;0,920574617898323;0,737864787372622;0,942809041582063;-0,204944254209442;38,2879307774353;-0,277425128574724;0,927651173730371;0,0833
3;1,2;2;3;-1;1,50103542417651;1,25166555703457;1,64654520469713;-0,394879647662557;101,008021113871;-0,3778071516817;0,849342817640734;0,3214
4;1,57894736842105;3;3;0;0,8455600223594;0,516397779494322;0,918936583472681;-0,402538803978359;26,9069915488953;-0,288036707419063;0,881938670423258;0,0915
3;1,36363636363636;3;3;0;1,16250265779418;1,10050493461461;0,666666666666667;0,433838267947945;81,784387266975;-0,259464705665202;0,954680349872431;0,2035
6;1,42857142857143;2;3;-1;1,38790172074275;1,63639169448448;1,50554530541816;0,130846389066315;73,4685617079231;-0,370914237958229;0,934990009908674;0,245
2;1,11111111111111;2;2;0;1,33657797302144;1,22927259430572;1,33749350984926;-0,10822091554354;74,5154382257871;-0,372479820548679;0,96336380384022;0,267
3;1,15384615384615;2;3;-1;1,32724599110487;1,28668393770792;1,26491106406735;0,0217728736405671;58,397356420469;-0,0948430416985632;-0,0285484610514909;0,1602
3;1,27659574468085;2;1;1;1,10264192240253;1,25166555703457;0,788810637746616;0,462854919287957;45,8011051345798;-0,235158540500886;0,0772662181322804;0,1215
3;1,25;3;2;1;0,899466257300739;1,03279555898864;0,823272602348565;0,20952295664008;52,3875500599415;-0,105493602797159;0,116862185208988;0,0905
5;1,25;2;1;1;1,28122028696427;1,41813649241218;1,03279555898864;0,385340933423532;90,0693404010589;-0,294259261988063;0,880496480161497;0,2257
3;1,2;3;2;1;1,23508045438893;1,25166555703457;1,4142135623731;-0,162548005338523;96,3029632089097;-0,313878055526338;0;0,2189
4;1,42857142857143;2;2;0;0,940459077704159;0,823272602348565;0,737864787372622;0,0854078149759427;59,3837571173545;-0,0752000160426718;0,535054567731527;0,1247
3;1,5;2;3;-1;0,98920729548782;0,942809041582063;0,875595035770913;0,0672140058111502;40,5754668364758;-0,366448234956998;0,768881019904796;0,1269
3;1,33333333333333;3;3;0;1,50056486539377;1,43372087784044;1,70293863659264;-0,269217758752202;95,2145282985015;-0,16625530746015;0,941565218173898;0,3413
3;1,15384615384615;2;2;0;1,21152656189185;1,24721912892465;1,28668393770792;-0,0394648087832719;58,6103197472466;-0,208399088178799;0,911161347209503;0,1725
7;1,76470588235294;4;4;0;1,19745492820596;1,19721899973786;1,19721899973786;0;77,0046835579204;-0,193436604538029;0,250363578236055;0,1963
4;1,30434782608696;4;4;0;1,25279348873776;1,31656117720877;1,07496769977314;0,241593477435627;70,2633341600849;-0,193603349453984;0,950342246813547;0,1978
3;1,25;3;2;1;0,958311839601757;1,07496769977314;0,788810637746616;0,286157062026524;53,5491250205404;-0,212710599118009;0,823445055502266;0,1107
3;1,33333333333333;2;2;0;1,10417799269322;1,17378779077727;1,25166555703457;-0,0778777662573051;61,9145200494131;-0,346218693619743;0,965232306651962;0,1417
2;1,13207547169811;2;2;0;1,40569865211751;1,63299316185545;1,35400640077266;0,278986761082792;78,0419258535227;-0,464584999547086;0,925068052436761;0,2904
6;1,5;3;2;1;0,92912692144733;0,918936583472681;0,843274042711568;0,0756625407611137;46,7035773986814;-0,0515499091187041;0,812314634157935;0,1162
6;1,53846153846154;2;3;-1;0,938805588076355;1,13529242439509;0,875595035770913;0,25969738862418;32,5048786342544;-0,458694629747045;0,497738510529458;0,0698
6;1,36363636363636;6;3;3;1,32979757178335;1,31656117720877;1,54919333848297;-0,2326321612742;56,3910803359328;-0,349452345597216;0,772199149013074;0,1993
5;1,66666666666667;3;5;-2;0,820637756676852;1,03279555898864;0,707106781186548;0,325688777802097;31,5137820077864;-0,133410217340986;-0,150078370343414;0,0655
7;1,57894736842105;2;3;-1;1,20204627791;1,52388392675499;1,07496769977314;0,448916226981855;50,6265508141346;-0,825092815956785;0,527071370692096;0,1569
4;1,27659574468085;2;3;-1;1,09066402828684;0,994428926011753;0,843274042711568;0,151154883300185;43,7648479865213;-0,199233950924048;-1;0,1094
3;1,30434782608696;2;2;0;1,29263450162923;1,08012344973464;1,47572957474524;-0,3956061250106;48,4837221633648;0,018397154401053;0,804592243971338;0,1798
3;1,2;3;2;1;1,23633776673138;1,47572957474524;1,25166555703457;0,224064017710671;31,7240082042004;-0,791830737402078;0,97748450469962;0,1684
4;1,53846153846154;4;2;2;0,691146595028297;0,483045891539648;0,516397779494322;-0,0333518879546743;42,0144193383612;-0,0586009038673119;0,465106036395278;0,082
3;1,17647058823529;1;2;-1;1,40810807880003;1,68654808542314;1,47572957474524;0,210818510677892;76,3575856031148;-0,47253107946631;0,891878050523969;0,2721
8;2,06896551724138;3;2;1;0,743331939903941;0,948683298050514;0,674948557710553;0,273734740339961;48,9858120517274;-0,219677350236066;-0,415655247492927;0,1172
5;1,25;3;2;1;1,06828972561431;0,966091783079296;1,10050493461461;-0,134413151535316;44,3728627356282;-0,720536274867402;0,802545190618013;0,1376
3;1,22448979591837;2;2;0;1,23095663501528;1,49443411809733;0,918936583472681;0,575497534624645;48,4534174000212;-0,511625714894442;0,918918918918919;0,1582
5;1,27659574468085;5;3;2;1,06444861193842;0,699205898780101;0,788810637746616;-0,0896047389665146;51,977724981454;-0,243242406394655;0,925026739153684;0,1168
3;1,25;3;2;1;1,4257518583477;1,57762127549323;1,3703203194063;0,207300956086933;88,432154591946;-0,390199748540925;0,985375645795571;0,3194
2;1,27659574468085;2;2;0;1,00997846371848;0,875595035770913;1,08012344973464;-0,20452841396373;46,1784965767096;-0,496509713617867;0,940889656888747;0,129
5;1,42857142857143;3;2;1;1,06444861193842;0,994428926011753;0,948683298050514;0,0457456279612395;53,1655676994702;-0,371936580728062;0,823865829196552;0,1492
5;1,57894736842105;2;4;-2;1,0704030604704;0,816496580927726;0,843274042711568;-0,0267774617838418;58,6171840941555;-0,0299323932224442;0,635687410623779;0,1893
3;1,25;3;2;1;1,15225154190359;1,03279555898864;0,942809041582063;0,089986517406581;54,9382495386937;-0,460872338724198;0,519602550401456;0,1445
5;1,42857142857143;2;3;-1;1,56759198542489;1,15470053837925;1,82878222991269;-0,674081691533442;97,5799304812042;-0,203020144106657;0,848264662480311;0,382
10;2;2;5;-3;0,938203596614597;1,35400640077266;0,632455532033676;0,721550868738984;39,8352657298435;-0,367392268800869;0,880501052494391;0,138
30;10;8;10;-2;0,58125132889709;0,843274042711568;0;0,843274042711568;28,9712235170811;0;0;0,0657
9;3;5;8;-3;0,785461108230301;0,674948557710553;0,966091783079296;-0,291143225368743;47,6075163094721;-0,627002355523292;-0,706786599662247;0,146
4;1,27659574468085;3;3;0;0,928366526098211;0,875595035770913;0,843274042711568;0,0323209930593453;39,4589003823877;-0,238623503600522;0,809295844621679;0,0896
4;1,27659574468085;2;3;-1;1,21420500135304;1,25166555703457;0,816496580927726;0,435168976106846;56,8977854559519;-0,728909663753138;-0,328210021913515;0,1551
3;1,25;3;2;1;1,04948198144538;0,699205898780101;1,07496769977314;-0,375761800993039;41,9589774688882;-0,329787234042553;0,644355162731608;0,1055
3;1,27659574468085;2;3;-1;0,975838043430184;1,08012344973464;0,97182531580755;0,108298133927093;35,9196903200901;-0,304199794886302;0,840797147355966;0,0699
4;1,33333333333333;2;4;-2;1,05912766578415;0,948683298050514;1,15470053837925;-0,206017240328738;44,4561502545293;-0,153901571758416;0,51866187206662;0,1416
4;1,27659574468085;4;1;3;1,32116623707568;1,13529242439509;1,3984117975602;-0,263119373165108;49,9217725334653;-0,815225108709236;0,955428829297041;0,2089
3;1,36363636363636;2;2;0;0,909926426528494;0,843274042711568;0,843274042711568;0;62,9394533848874;-0,30159285836567;-0,529614657410709;0,1663
3;1,25;2;2;0;0,790301379972502;0,737864787372622;0,699205898780101;0,0386588885925209;47,1859786573639;-0,22159602279015;-0,524021426262784;0,0873
5;1,62162162162162;2;2;0;0,808674719686406;0,674948557710553;1,03279555898864;-0,357847001278092;20,317605424913;-0,738912333491901;0,414702103303877;0,0429
4;1,53846153846154;4;1;3;0,746176695573474;0,918936583472681;0,674948557710553;0,243988025762129;22,0211506246369;-0,438304295823923;-0,275239539953212;0,0509
50;15;8;10;-2;0,72408133887757;1,68654808542314;0;1,68654808542314;103,048745942408;0,175411603861406;-1;0,7899
7;2,4;5;4;1;0,832089467158389;1,17851130197758;0,421637021355784;0,756874280621795;56,082915260748;0,11087226177867;-1;0,1413
5;1,875;5;3;2;0,717024611701238;0,666666666666667;0,52704627669473;0,139620389971937;37,4763753083494;-0,474802942081728;-1;0,096
4;1,33333333333333;4;3;1;0,907439434719263;0,849836585598797;0,737864787372622;0,111971798226176;53,2229627073887;0,0855816496101822;0,68800829745355;0,1217
3;1,33333333333333;2;2;0;1,17121791842056;1,03279555898864;1,15950180872841;-0,126706249739761;68,6668225437193;-0,161135167397115;0,851604610251651;0,1484
13;2,22222222222222;9;3;6;1,37891712201224;0,948683298050514;0,707106781186548;0,241576516863966;117,849824722755;0,206718881542811;0,0998359380521757;0,3221
4;1,27659574468085;2;2;0;1,5348126001288;1,42984070596848;1,41813649241218;0,0117042135563046;58,6700160397309;-0,366369433855018;0,964953934576994;0,254
3;1,2;2;2;0;1,1960386593151;1,26491106406735;0,966091783079296;0,298819280988056;63,8601375260406;-0,464384337750697;0,602291710452775;0,1892
3;1,27659574468085;2;2;0;1,01123630772263;1,03279555898864;0,737864787372622;0,294930771616023;53,7154124212487;-0,126712328767123;0,534436147288472;0,1313
4;1,33333333333333;4;2;2;1,06828972561431;1,07496769977314;0,97182531580755;0,10314238396559;49,6112200575404;-0,401874316647649;0,954795030559604;0,2018
8;2;3;2;1;0,79172985177527;0,699205898780101;0,966091783079296;-0,266885884299195;25,8592987932695;-0,473300794794712;0,876524098872525;0,0552
3;1,22448979591837;2;2;0;1,42961019538001;1,17378779077727;1,34989711542111;-0,176109324643838;55,4487203833964;-0,381957100571848;0,281343500851625;0,2151
3;1,5;2;3;-1;1,18595833617427;0,994428926011753;1,10050493461461;-0,106076008602859;50,9301748454146;-0,658140197899295;0,742435081360248;0,1681
3;1,25;2;3;-1;1,21606478417971;1,49443411809733;1,43372087784044;0,0607132402568886;43,7269719658364;-0,658499344493986;0,551684996596299;0,1207
3;1,30434782608696;2;2;0;1,11220755694138;1,19721899973786;1,07496769977314;0,122251299964725;44,4756427005735;-0,52470724966961;0,983820229532658;0,1922
4;1,30434782608696;2;2;0;1,67829278335655;1,72884033065199;1,82878222991269;-0,0999418992607017;111,819898333071;-0,788506678639105;0,933454351384022;0,4475
6;1,36363636363636;2;3;-1;1,33657797302144;1,49443411809733;1,41813649241218;0,07629762568515;79,0309043594905;-0,272910043899599;0,648404127899054;0,214
4;1,25;2;2;0;1,19733696978296;1,10050493461461;0,737864787372622;0,36264014724199;54,7492145667958;-0,482111905071595;0,789145219284843;0,1779
4;1,36363636363636;3;3;0;1,08025420737083;1,26491106406735;1,15950180872841;0,105409255338946;43,7087416323975;-0,312884068193716;0,87884433490328;0,1133
7;1,27659574468085;6;2;4;1,16395973293195;1,17851130197758;0,918936583472681;0,259574718504898;51,0376062131399;-0,361504597886711;0,982129980745759;0,1688
3;1,27659574468085;3;2;1;1,39369038217099;1,50554530541816;1,19721899973786;0,308326305680297;47,6146913219793;-0,683740134692661;0,646232424241971;0,1767
4;1,3953488372093;3;2;1;1,03211154304568;1,26491106406735;0,97182531580755;0,293085748259802;45,2637666383567;-0,365088563697734;0,621585319198029;0,0903
3;1,3953488372093;2;2;0;0,762837403353298;0,788810637746616;0,737864787372622;0,0509458503739937;36,4930743077836;0,0814507988937161;0,438206931138529;0,0545
4;1,33333333333333;2;4;-2;1,34657968058269;0,994428926011753;1,61932770686548;-0,624898780853729;87,8582949062944;-0,178210833944119;0,768070795231631;0,2104
3;1,17647058823529;2;2;0;1,21327404089311;1,3984117975602;1,19721899973786;0,201192797822337;47,9337620490241;-0,578710342379811;0,898013197778257;0,1893
3;1,2;2;3;-1;1,26178064475575;1,44913767461894;1,07496769977314;0,374169974845804;54,6889537761843;-0,687535246107571;0,725610750304907;0,2258
5;1,30434782608696;3;2;1;1,2838633434855;1,25166555703457;1,34989711542111;-0,0982315583865332;65,2072191897945;0,332267857423371;0,93515088552474;0,2011
4;1,42857142857143;3;4;-1;1,34657968058269;1,3984117975602;1,3984117975602;0;75,1986878158924;-0,566553625413838;0,988866553564433;0,2963
5;1,2;2;3;-1;1,49679506954893;1,56347191994114;1,3703203194063;0,193151600534846;84,7603444538685;-0,720617625561168;0,782508786935559;0,2848
3;1,33333333333333;3;3;0;1,42456257534495;1,57762127549323;1,13529242439509;0,442328851098138;116,53518051122;-0,0634317427732713;0,101040869157178;0,3064
4;1,27659574468085;4;2;2;1,22128023963741;0,994428926011753;1,28668393770792;-0,292255011696166;58,1977189754092;-0,533322693265553;0,954363399516273;0,1896
4;1,27659574468085;3;2;1;1,04300196900324;0,966091783079296;0,966091783079296;0;31,6049420624939;-0,676632341305974;0,96860928729175;0,1137
4;1,57894736842105;2;2;0;1,38759638541384;1,34989711542111;1,19721899973786;0,152678115683241;118,343728412887;-0,376286168321854;0,710509257975761;0,4537
3;1,2;3;2;1;1,5458162965239;1,57762127549323;1,59513148186739;-0,0175102063741555;73,5010688191373;0,00960502974210069;0,945214923170877;0,3289
4;1,25;3;2;1;1,04948198144538;0,674948557710553;1,05934990547138;-0,384401347760827;84,1105285694334;0,0454096115452342;0,718181840791408;0,1803
5;1,27659574468085;2;2;0;1,47397383628628;1,13529242439509;1,42984070596848;-0,294548281573388;99,4983610680907;-0,54983333894099;0,936254671210266;0,3058
2;1,22448979591837;2;1;1;1,40660267078032;1,63299316185545;1,34989711542111;0,283096046434346;63,0769102532315;-0,554430037615399;0,89268790203545;0,2283
3;1,22448979591837;2;2;0;1,30827440581246;0,966091783079296;1,33749350984926;-0,371401726769963;43,2808062755353;-0,518625532296433;0,958902894745255;0,2049
4;1,5;4;2;2;0,929582860096565;0,567646212197547;1,15950180872841;-0,591855596530859;71,2463186136602;-0,311734956951542;-0,151890655946068;0,1685
5;1,27659574468085;4;3;1;1,60155291870498;1,52388392675499;1,33333333333333;0,190550593421662;97,8412077882176;-0,289436027374369;0,727967286756459;0,349
5;1,25;3;5;-2;1,15408877646167;0,918936583472681;0,849836585598797;0,069099997873884;49,7964918451156;-0,194592288154471;0,515939560176829;0,1555
3;1,30434782608696;2;2;0;1,16577851585222;0,948683298050514;1,03279555898864;-0,0841122609381306;70,4066033080836;-0,573668793652789;0,367493456321842;0,1784
4;1,27659574468085;2;4;-2;1,21942841106705;1,10050493461461;1,05934990547138;0,0411550291432317;47,1418684260186;-0,0344507703036126;0,795107036075104;0,1706
2;1,17647058823529;2;2;0;1,39520972240431;1,33749350984926;1,56702123647242;-0,229527726623163;59,6602962912413;-0,432665339522519;0,86095708337527;0,1877
4;1,30434782608696;3;2;1;0,938805588076355;1,15950180872841;1,03279555898864;0,126706249739761;42,5528414041061;-0,737948121657277;0,876952648395531;0,0925
3;1,27659574468085;2;1;1;1,15604527505029;1,34989711542111;1,3703203194063;-0,0204232039851919;29,6276981907183;-0,735243934646666;0,906059932644992;0,1167
5;1,36363636363636;2;3;-1;0,964189305556307;0,674948557710553;1,15950180872841;-0,484553251017853;34,5516239990436;-0,311532470587017;0,967687931933317;0,0891
4;1,30434782608696;4;3;1;1,25268074126971;1,13529242439509;1,3703203194063;-0,235027895011204;45,9191225040299;-0,170661796931869;0,714371625595449;0,1425
3;1,22448979591837;2;1;1;1,06762845057378;0,966091783079296;0,966091783079296;0;38,366456814052;-0,636501318593629;0,703873494110712;0,1187
4;1,2;2;2;0;1,25448348476946;1,34989711542111;1,34989711542111;0;36,0381289257516;-0,255553997002252;0,595732378053894;0,1184
3;1,5;3;3;0;0,969011378079462;0,948683298050514;0,843274042711568;0,105409255338946;38,1802186321689;0,249752575293932;0,265577057995172;0,0938
5;1,27659574468085;3;2;1;1,27381272958646;1,44913767461894;1,34989711542111;0,0992405591978383;62,6972507692109;-0,739923889687851;0,78274703906956;0,2159
5;1,62162162162162;5;3;2;0,804471964236752;0,823272602348565;0,788810637746616;0,0344619646019491;36,3111746108627;0,0428983099685726;0,862098418918007;0,0682
6;1,30434782608696;3;2;1;0,852215457757414;0,918936583472681;0,699205898780101;0,219730684692581;35,6382740057664;-0,365224204637251;-0,171784102988566;0,0485
6;1,36363636363636;2;2;0;0,820637756676852;0,948683298050514;0,674948557710553;0,273734740339961;32,4529742368324;-0,192230390097493;-0,155422084602165;0,0511
5;1,33333333333333;4;5;-1;1,185005184856;0,966091783079296;1,3984117975602;-0,432320014480906;56,88658378066;-0,186217243025286;0,55394588387307;0,153
3;1,27659574468085;3;2;1;1,1511477936989;1,24721912892465;1,13529242439509;0,111926704529554;61,5812607669674;-0,297278969289105;0,932630827062059;0,1668
4;1,33333333333333;2;4;-2;1,3740944629902;1,05934990547138;1,42984070596848;-0,370490800497101;56,2775066658401;0;0,582580518855778;0,161
5;1,42857142857143;3;5;-2;0,857008329502204;0,918936583472681;0,632455532033676;0,286481051439006;50,1648585998607;0,0419713852695442;-1;0,1271
4;1,25;4;1;3;1,25718275305394;1,33333333333333;0,875595035770913;0,45773829756242;45,8781690448749;-0,353919198648283;0,946181645466757;0,1418
5;1,36363636363636;2;2;0;1,16976988417419;1,17851130197758;1,44913767461894;-0,270626372641365;46,2447137989003;-0,6326021814912;0,599915061937162;0,1443
4;1,2;2;4;-2;1,46907865357696;1,43372087784044;1,35400640077266;0,0797144770677778;89,0994687419786;-0,825051310203233;0,366159042871231;0,2952
3;1,30434782608696;2;3;-1;1,57621802960002;1,57762127549323;1,75119007154183;-0,173568796048595;86,9927103363355;-0,134301161774472;0,93526430838253;0,3307
2;1,11111111111111;2;2;0;1,31441379170306;1,26491106406735;1,3984117975602;-0,13350073349285;58,2169234500161;-0,641867612710732;0,929307218392151;0,2117
3;1,27659574468085;2;2;0;1,08129969922683;1,4142135623731;0,737864787372622;0,676348775000473;46,5519632589705;-0,00788739362298768;0,793692237186361;0,1266
2;1,2;1;2;-1;1,26881322725203;1,49071198499986;1,43372087784044;0,056991107159422;60,1723955612374;-0,422012896840931;0,11638406369065;0,1452
3;1,11111111111111;2;2;0;1,52011001683327;1,34989711542111;1,28668393770792;0,0632131777131868;116,602170140577;-0,246996421335717;0,838587606183588;0,4013
7;1,46341463414634;3;2;1;1,32084547482345;1,3703203194063;1,19721899973786;0,173101319668433;75,2950538905457;-0,0140567917080014;0,753879802260869;0,2364
17;5,45454545454545;7;10;-3;0,676272602408497;1,13529242439509;0;1,13529242439509;29,6302760967265;-0,0496291666985465;0,479392897199197;0,0709
3;1,25;1;2;-1;0,83344632002402;1,05934990547138;0,816496580927726;0,242853324543654;71,0243853377788;-0,0171802033186012;0,266124194020442;0,1579
3;1,36363636363636;2;3;-1;0,884741974578985;1,03279555898864;0,632455532033676;0,400340026954969;39,9764764459855;-0,190916532028039;0,827511646877354;0,0757
6;1,46341463414634;2;2;0;1,47521902998866;1,72884033065199;1,33749350984926;0,391346820802733;101,729270745614;-0,367398347154458;0,837388353700816;0,307
4;1,42857142857143;2;2;0;1,16976988417419;1,19721899973786;0,918936583472681;0,278282416265183;62,377505903524;0,022830990724336;0,85483595188165;0,175
3;1,27659574468085;2;3;-1;1,37891712201224;1,47572957474524;1,3703203194063;0,105409255338946;36,5113195094141;-0,315910701777709;0,885281450921065;0,134
3;1,30434782608696;3;2;1;1,21850144140738;0,918936583472681;1,17851130197758;-0,259574718504898;57,8826172932861;-0,351509883382155;0,884892020846558;0,1861
4;1,22448979591837;2;2;0;1,21152656189185;1,15950180872841;1,17378779077727;-0,0142859820488617;58,1059360013434;-0,473785384309254;0,912171732631048;0,1761
4;1,22448979591837;2;2;0;1,29525426686007;1,47572957474524;1,25166555703457;0,224064017710671;51,2552031977214;-0,471963343976734;0,54391234617346;0,1379
4;1,42857142857143;3;3;0;1,05284119233206;1,25166555703457;1,03279555898864;0,218869998045928;58,5089282690397;-0,207215401084803;-0,987951807228916;0,1706
4;1,46341463414634;2;4;-2;1,03865950114657;1,13529242439509;0,823272602348565;0,312019822046529;57,958416679833;-0,180358400925458;-0,595621579060135;0,1376
5;1,42857142857143;4;2;2;1,1945024730791;1,15950180872841;0,994428926011753;0,165072882716652;72,156810725612;-0,188303890613082;0,373696919774182;0,1867
5;1,15384615384615;2;2;0;1,37069820140031;1,57762127549323;1,17378779077727;0,403833484715964;77,9348989885375;-0,191369672184741;-0,401489299263763;0,2208
3;1,2;2;1;1;1,33816215986767;0,966091783079296;1,25166555703457;-0,285573773955277;64,6802325598031;-0,363654953294137;0,896290543924084;0,2345
6;1,3953488372093;2;2;0;1,10609508076097;1,24721912892465;1,33749350984926;-0,0902743809246116;69,0309300659883;-0,276597220081658;0,796813527654576;0,1758
4;1,22448979591837;4;3;1;1,25268074126971;0,948683298050514;1,41813649241218;-0,469453194361663;50,0384388731099;0,070852525158142;0,735279982326119;0,184
2;1,13207547169811;2;2;0;1,38300826621057;1,24721912892465;1,50554530541816;-0,258326176493515;48,835433658544;-0,81676058130722;0,800533986148064;0,1705
5;1,53846153846154;2;5;-3;0,918116470338783;1,10050493461461;0,948683298050514;0,151821636564098;55,1252074820266;-0,00123950762554858;0,461834324319372;0,114
4;1,3953488372093;2;4;-2;1,01888939204427;1,26491106406735;1,15950180872841;0,105409255338946;27,0800577930078;-0,255774433334654;0,804980045813367;0,0723
10;2;4;6;-2;0,712281287672477;0,737864787372622;0,316227766016838;0,421637021355784;21,4776912511688;0,0419489981411808;0,852961177610538;0,0427
6;1,62162162162162;2;4;-2;1,08129969922683;1,10050493461461;0,918936583472681;0,18156835114193;48,4852958263455;-0,470372346012363;0,821398709421665;0,1521
4;1,36363636363636;2;3;-1;1,29525426686007;1,07496769977314;1,19721899973786;-0,122251299964725;46,2751342468115;-0,794719414239026;0,937830278348462;0,1968
3;1,2;2;1;1;1,07619333318669;1,15470053837925;1,22927259430572;-0,0745720559264669;41,1406907422909;-0,137551289058811;0,92394543833666;0,125
3;1,22448979591837;1;2;-1;1,33868980554878;1,25166555703457;1,34989711542111;-0,0982315583865332;61,3378675843363;-0,28094161181369;0,883323629344585;0,2002
5;1,33333333333333;2;3;-1;1,23633776673138;1,49443411809733;1,28668393770792;0,207750180389408;65,3996783547764;-0,699960751178086;-0,315895291241271;0,2027
2;1,15384615384615;2;2;0;1,2861715624813;1,17378779077727;1,10050493461461;0,0732828561626555;53,6798924048649;-0,199831463274323;0,945463775479986;0,2065
3;1,13207547169811;1;3;-2;1,14536649452464;1,08012344973464;0,97182531580755;0,108298133927093;55,9843029782507;-0,564404142613336;0,722712939285927;0,1928
4;1,25;1;4;-3;1,06232343165645;0,948683298050514;1,17378779077727;-0,225104492726754;36,9901304333728;-0,725891682296271;0,952862001903008;0,1302
3;1,27659574468085;1;3;-2;1,02662300883035;1,15950180872841;0,788810637746616;0,37069117098179;34,2552674285693;-0,297254163470056;0,865009198593331;0,1348
3;1,22448979591837;2;2;0;1,08871976856456;1,26491106406735;0,994428926011753;0,270482138055599;54,1651229949865;-0,0719609355661712;0,952416026504177;0,1581
2;1,17647058823529;2;2;0;1,20486302759037;1,3703203194063;1,34989711542111;0,0204232039851919;42,1871844760946;-0,497259098053661;0,884981244011085;0,1426
4;1,53846153846154;3;3;0;1,08716185729394;1,13529242439509;0,918936583472681;0,216355840922412;55,7174046229085;-0,00514031824284154;-0,291207375165885;0,1429
3;1,30434782608696;2;2;0;1,23049757975597;1,56702123647242;0,632455532033676;0,934565704438745;100,971746297778;-0,114991914915214;0,774500467261229;0,2375
4;1,66666666666667;4;2;2;0,964921471585996;1,15470053837925;0,948683298050514;0,206017240328738;54,7654987518695;-0,138039407593558;0,797800936497573;0,1109
4;1,22448979591837;2;3;-1;1,08025420737083;1,17378779077727;1,05934990547138;0,114437885305887;52,4526681819756;-0,199474302196563;0,883266893982977;0,1453
2;1,2;2;2;0;1,34574029781104;1,43372087784044;1,49443411809733;-0,0607132402568886;69,2369451072462;-0,298689792188134;0,112034185445954;0,2338
6;1,76470588235294;2;3;-1;0,640224183899451;0,674948557710553;0,632455532033676;0,042493025676877;40,4993576497887;0,0857020434396086;0,726748674493582;0,1582
2;1,05263157894737;2;1;1;1,27381272958646;1,26929551764398;1,43372087784044;-0,164425360196453;63,5226663247075;-0,112692344843636;0,795979027485516;0,1627
5;1,25;2;3;-1;1,24362782595579;1,03279555898864;1,10050493461461;-0,0677093756259675;55,5057464559728;-0,171196170260884;0,883079574563702;0,1626
7;1,66666666666667;4;2;2;1,63333909834103;1,95789002074512;1,52388392675499;0,434006093990127;95,1942549580711;-0,559838549021696;0,927929803601519;0,3881
4;1,33333333333333;2;3;-1;1,35254520481699;1,25166555703457;1,17851130197758;0,0731542550569932;56,3714244191049;-0,185254863392096;0,353473404901118;0,1873
5;1,25;3;2;1;1,08456036551253;1,24721912892465;1,07496769977314;0,172251429151507;31,0188670072242;-0,470681254202747;0,657082040952254;0,0812
4;1,30434782608696;1;4;-3;1,29000941616149;1,3984117975602;1,17851130197758;0,219900495582623;38,1368984446734;-0,46088240084927;0,719861383397271;0,1631
3;1,3953488372093;1;3;-2;1,15408877646167;0,788810637746616;1,35400640077266;-0,565195763026044;50,0026525223657;-0,287758346581876;0,904219673847944;0,1943
3;1,25;3;2;1;1,06881845107386;1,15950180872841;1,13529242439509;0,0242093843333122;34,3918362089033;-0,322203242121214;0,643318207928951;0,097
3;1,36363636363636;2;2;0;1,14227941410454;1,07496769977314;1,28668393770792;-0,211716237934779;42,6086821109098;-0,335945130427213;0,822644215084295;0,1614
4;1,2;2;2;0;1,00843896817922;0,948683298050514;0,966091783079296;-0,0174084850287821;44,7618922063754;-0,118063720650128;-1;0,1059
3;1,36363636363636;2;2;0;1,17121791842056;1,05409255338946;1,17851130197758;-0,124418748588119;53,5762110145859;-0,281478175586647;0,894084510842507;0,1516
3;1,2;2;3;-1;1,03279555898864;0,994428926011753;1,08012344973464;-0,0856945237228902;30,3014373526987;-0,223867849664651;0,283962723642751;0,0679
3;1,27659574468085;2;3;-1;1,08923857715658;1,19721899973786;1,15950180872841;0,0377171910094591;70,2579359843989;-0,197739587019152;0,704344089231477;0,1712
4;1,3953488372093;2;3;-1;1,43759057685652;1,26491106406735;1,47572957474524;-0,210818510677892;79,4924186749851;-0,403334198504936;0,913255426759828;0,2747
3;1,2;2;2;0;1,23324934818643;1,28668393770792;1,17378779077727;0,112896146930652;42,1455544031187;-0,73519806545472;0,884075939428718;0,1501
11;2,85714285714286;4;10;-6;0,4903014177279;0,421637021355784;0;0,421637021355784;21,9091527518012;-0,118369830235207;-0,114684890351538;0,0629
3;1,11111111111111;3;1;2;1,19981166130309;0,918936583472681;1,13529242439509;-0,216355840922412;79,6862125431623;-0,216281175273177;0,697110649350541;0,2552
7;1,62162162162162;2;4;-2;0,72408133887757;0,737864787372622;0,52704627669473;0,210818510677892;29,5535902318114;0,0218259467427993;-1;0,0625
3;1,17647058823529;3;2;1;1,09686250033118;1,26929551764398;0,948683298050514;0,320612219593471;35,8520484209515;-0,552217406023186;0,69449801166522;0,103
8;1,33333333333333;3;8;-5;0,892371942418529;0,875595035770913;0,316227766016838;0,559367269754075;33,1167066702148;-0,303989752881643;0,905745815006582;0,0814
3;1,33333333333333;2;3;-1;1,24691710225139;1,72884033065199;1,25166555703457;0,477174773617419;68,8007591265279;0,18371397332464;0,822590667573189;0,242
4;1,25;1;3;-2;1,31258575183955;1,50554530541816;1,03279555898864;0,472749746429518;82,9050345913402;0,337226636716731;-1;0,2073
5;1,30434782608696;5;2;3;1,41261467711075;1,61932770686548;1,3703203194063;0,249007387459185;61,6176218424134;-0,210146500103826;0,986666167533907;0,2118
3;1,3953488372093;2;2;0;1,23462293244162;1,59513148186739;1,35400640077266;0,241125081094727;45,4900757569579;-0,40223729829248;0,94958668153511;0,1431
3;1,46341463414634;3;2;1;1,04948198144538;0,918936583472681;1,24721912892465;-0,328282545451966;44,3770162511174;-0,471495166791445;0,719173319797898;0,1256
4;1,3953488372093;4;2;2;0,956098474941421;0,948683298050514;0,788810637746616;0,159872660303898;53,6401856486672;-0,499494900218153;-0,883560134059481;0,1191
9;2;9;2;7;1,5553806735163;0,632455532033676;1,77951304200522;-1,14705750997154;139,825831900994;-0,0907907475429213;0,503131792513926;0,4847
2;1,09090909090909;2;1;1;1,23736552656347;1,17851130197758;0,966091783079296;0,212419518898283;58,0851038463139;-0,621138970708199;0,407921244618783;0,1635
4;1,33333333333333;4;2;2;1,14930585781256;0,875595035770913;1,15950180872841;-0,283906772957493;62,2071781816446;-0,204242862238846;0,562265007699704;0,1545
3;1,22448979591837;3;2;1;1,49235339114695;1,26929551764398;1,70293863659264;-0,433643118948655;77,3731134565547;-0,66014450472911;0,808908801131713;0,2612
13;3,15789473684211;4;9;-5;0,671241366239755;1,15950180872841;0,632455532033676;0,52704627669473;36,2788167281249;-0,195335104017904;0,681084853166333;0,0703
4;1,25;1;2;-1;1,35827657501603;1,52388392675499;1,68654808542314;-0,162664158668141;63,9683672710182;-0,470009671080384;0,980893272568328;0,2329
4;1,36363636363636;2;2;0;1,19981166130309;1,42984070596848;1,15950180872841;0,270338897240075;50,7431404847077;-0,608495570236527;0,848717501189048;0,1328
3;1,30434782608696;2;2;0;1,19035673331249;1,44913767461894;0,966091783079296;0,483045891539648;52,6460274738929;-0,34073639373324;0,922987011958089;0,1678
4;1,46341463414634;4;2;2;1,19922291223122;1,3984117975602;0,948683298050514;0,449728499509688;54,8015101029817;-0,396052599278008;0,589835314852699;0,1596
3;1,22448979591837;1;3;-2;1,39358903392651;1,33333333333333;1,71269767715535;-0,379364343822017;110,15012089872;-0,232853530459972;-0,459150223578663;0,2414
3;1,15384615384615;2;1;1;1,25819348569989;1,22927259430572;0,994428926011753;0,234843668293965;51,4640996694924;-0,668325291578404;0,623937784852192;0,1509
5;1,27659574468085;1;3;-2;1,43641109580725;1,34989711542111;1,72884033065199;-0,378943215230886;47,8116484609723;-0,361612945710867;0,473262580850553;0,2046
4;1,3953488372093;3;3;0;0,918116470338783;0,816496580927726;0,948683298050514;-0,132186717122788;47,9165133479628;0,0493113672721538;0,927120845376477;0,112
3;1,2;2;2;0;1,32511592073668;1,61932770686548;1,33333333333333;0,285994373532149;45,6224593282038;-0,730274694974736;0,985042446708328;0,2102
2;1,22448979591837;2;2;0;1,2271642935605;1,54919333848297;1,31656117720877;0,2326321612742;99,194983373768;-0,331029280013855;0,856995730251793;0,2496
5;1,42857142857143;3;3;0;0,774596669241483;0,737864787372622;0,843274042711568;-0,105409255338946;48,0400243573366;0,108335730801387;0,0285862286428042;0,1034
3;1,17647058823529;2;2;0;1,41780446166791;1,08012344973464;1,64654520469713;-0,566421754962486;69,1361872271646;-0,371681251530814;0,964113515126037;0,2798
3;1,17647058823529;2;1;1;1,02662300883035;1,3984117975602;0,994428926011753;0,403982871548449;63,2622763758153;-0,0314895531218323;0,875387130481598;0,1581
5;1,53846153846154;2;3;-1;0,783119937275378;0,737864787372622;0,788810637746616;-0,0509458503739937;17,7822516406219;-0,607957292057195;0,865447820964305;0,0412
6;1,42857142857143;2;3;-1;1,29754222251495;1,52388392675499;1,34989711542111;0,173986811333889;66,7555309183013;0,122057958908577;-0,891206722381395;0,202
3;1,22448979591837;2;2;0;1,45166960179249;1,49071198499986;1,31656117720877;0,174150807791093;70,8201076635812;-0,509057675317894;0,921197312940232;0,2577
60;60;10;10;0;0;0;0;0;5,11812067538305;0;0;0,0194
3;1,30434782608696;2;2;0;0,825271740899738;0,674948557710553;0,788810637746616;-0,113862080036063;34,2260472453588;-0,168844898358117;0,736882007450619;0,062
7;1,53846153846154;2;3;-1;0,94644741632296;0,994428926011753;0,994428926011753;0;31,6708285132726;-0,293777599850698;0,927639920479921;0,0677
4;1,36363636363636;2;2;0;0,988493117865672;0,994428926011753;1,10050493461461;-0,106076008602859;41,7980237654353;-0,679455784937336;0,955334378842103;0,1145
7;1,46341463414634;4;3;1;1,89379003006302;1,93218356615859;1,76698110409314;0,165202462065449;133,36159197531;-0,28041779698915;0,561177984858242;0,6041
3;1,36363636363636;3;2;1;0,971922202833942;0,966091783079296;0,843274042711568;0,122817740367728;49,2623159354265;0,17159207034168;-0,966757273456014;0,1114
5;1,42857142857143;2;2;0;1,49679506954893;1,69967317119759;1,64991582276861;0,0497573484289842;121,961960088037;-0,361161909059596;0,767609760688588;0,3669
4;1,33333333333333;2;4;-2;0,913644221079444;0,699205898780101;0,699205898780101;0;41,354111443115;-0,273280535948926;0,857915523657913;0,1019
6;1,5;2;2;0;1,18893200900384;1,61932770686548;0,994428926011753;0,624898780853729;71,6902431597395;-0,235111682541632;0,804690287512396;0,1765
4;1,27659574468085;4;3;1;1,04624699204422;0,707106781186548;0,823272602348565;-0,116165821162017;52,2804629979754;-0,0617771834368068;0,902197565102921;0,0956
5;1,27659574468085;2;3;-1;1,15408877646167;1,28668393770792;1,25166555703457;0,0350183806733464;47,9717747024387;-0,356871526358589;0,814318069842414;0,1519
3;1,30434782608696;2;3;-1;1,22635834985533;1,34989711542111;1,26491106406735;0,0849860513537539;49,9349121861808;-0,497010828842753;0,810164010321698;0,1451
3;1,36363636363636;2;2;0;1,19733696978296;1,13529242439509;1,25166555703457;-0,116373132639479;78,390776126157;0,0785728071068926;0,885773502314101;0,2596
3;1,33333333333333;2;2;0;1,38790172074275;1,49443411809733;1,26491106406735;0,229523054029975;38,4795913821211;-0,7428062452618;0,892674026106979;0,2055
5;1,76470588235294;3;3;0;1,04300196900324;0,994428926011753;0,948683298050514;0,0457456279612395;49,7321730439606;-0,395940256967843;-0,0404898415828153;0,1454
4;1,33333333333333;1;4;-3;0,959637407984005;1,05409255338946;0,823272602348565;0,230819951040895;30,1060600051898;-0,350122650219961;0,67479551943079;0,0718
4;1,25;3;2;1;1,30827440581246;1,22927259430572;1,3984117975602;-0,169139203254484;52,670075646829;-0,0461363776965222;0,99370640369145;0,1852
4;1,36363636363636;4;2;2;1,00619549717293;0,737864787372622;0,994428926011753;-0,256564138639131;32,182396892687;-0,083919082580309;0,84700285574388;0,0878
3;1,30434782608696;3;2;1;1,27514261969592;1,33749350984926;1,34989711542111;-0,0124036055718471;44,3039864489141;-0,566192785368759;0,693261164103533;0,1498
3;1,25;2;3;-1;0,947640543070027;0,737864787372622;1,22927259430572;-0,491407806933096;51,4647849268064;-0,331421354758116;0,659733627656617;0,1214
5;1,30434782608696;2;2;0;1,45516807424221;1,52388392675499;1,61932770686548;-0,0954437801104877;85,2603926664876;-0,226784318268531;0,842561007070834;0,3256
3;1,30434782608696;2;2;0;1,17699224061303;1,15950180872841;1,28668393770792;-0,127182128979513;49,36648538536;-0,255749147860681;0,284096254127204;0,1368
7;1,3953488372093;2;2;0;0,961842628987639;0,737864787372622;1,22927259430572;-0,491407806933096;46,9513862317702;-0,501974443928524;0,195057672358307;0,1216
3;1,15384615384615;1;2;-1;1,33308613527701;1,15950180872841;1,35400640077266;-0,194504592044254;73,5221073647807;-0,337004995787946;0,671873985987164;0,1899
3;1,25;2;2;0;0,981610575551169;0,994428926011753;0,875595035770913;0,11883389024084;44,6745500863031;-0,26802292543667;0,953588062031524;0,125
4;1,2;3;1;2;1,36657020467072;1,28668393770792;1,41813649241218;-0,131452554704258;97,14815938149;-0,164962929588448;0,523376579153873;0,2572
4;1,22448979591837;1;3;-2;1,07501149645672;1,3984117975602;0,994428926011753;0,403982871548449;57,9765434683752;-0,439442984895252;0,79221302468089;0,1917
5;1,66666666666667;3;2;1;1,60322767661079;1,50554530541816;1,50554530541816;0;83,6806007348531;-0,581667485820107;0,867370878207126;0,3222
3;1,22448979591837;2;2;0;0,920574617898323;1,03279555898864;1,03279555898864;0;24,3305475431799;-0,43915503282684;0,861200459516643;0,0694
6;1,71428571428571;3;3;0;0,724666297641786;0,966091783079296;0,421637021355784;0,544454761723512;67,4673838549398;0,0424162181631959;0,157921394729819;0,1765
4;1,3953488372093;2;2;0;0,999858747085954;1,25166555703457;0,816496580927726;0,435168976106846;51,0664915991173;-0,37032603977378;0,56006499912895;0,1298
4;1,33333333333333;3;3;0;1,11942277296505;1,26491106406735;1,17378779077727;0,0911232732900844;31,8596139797674;-0,514560105202699;0,781434091487547;0,1014
3;1,2;2;1;1;1,28210191121239;1,63299316185545;1,15950180872841;0,473491353127046;78,2934650458809;0,00330852781254487;0,819039205847237;0,2234
3;1,27659574468085;3;2;1;1,28485308795485;1,4142135623731;1,15950180872841;0,254711753644689;62,7761061148789;-0,677269874713979;0,815954870412309;0,1818
3;1,33333333333333;3;2;1;0,928366526098211;0,918936583472681;0,737864787372622;0,18107179610006;34,6885619542007;-0,585353033722524;0,85107627555032;0,092
11;2,06896551724138;3;5;-2;0,738566331475177;0,52704627669473;0,788810637746616;-0,261764361051886;35,4691538941666;0,30556325439919;-0,197984485162983;0,0825
5;1,33333333333333;2;4;-2;1,10915552953613;1,17378779077727;0,632455532033676;0,541332258743591;46,338207375675;-0,0851497919259491;0,895144515374686;0,1503
3;1,3953488372093;2;2;0;1,00338410442709;0,875595035770913;0,816496580927726;0,0590984548431871;42,6571581027451;-0,3990040877887;0,343876214336472;0,0988
3;1,27659574468085;2;3;-1;1,28210191121239;1,10050493461461;1,28668393770792;-0,186179003093307;65,7667459483626;-0,169158634214872;0,357924640171383;0,1759
4;1,46341463414634;3;4;-1;1,24180932331829;1,49443411809733;0,674948557710553;0,819485560386774;52,2559312623203;-0,482571847934888;0,951329920111916;0,1651
4;1,33333333333333;2;4;-2;1,59837488089841;1,76698110409314;1,34989711542111;0,417083988672037;72,2451462945212;-0,357857814126776;-0,1570580838295;0,297
4;1,3953488372093;2;2;0;1,03320575119082;1,33333333333333;0,823272602348565;0,510060730984769;38,1603836725094;-0,174430397261612;0,148864559812583;0,1302
3;1,30434782608696;2;3;-1;1,13632871030046;1,81352940116473;0,849836585598797;0,963692815565928;69,7630817382516;0,0383371295876548;0,407868827196326;0,1818
4;1,3953488372093;4;3;1;0,996462670202625;1,13529242439509;0,843274042711568;0,292018381683526;28,9823534467274;-0,286628273788311;0,82762107231654;0,076
4;1,33333333333333;1;3;-2;1,03211154304568;1,22927259430572;1,15950180872841;0,0697707855773126;33,1869639599225;-0,250876464431862;0,907452758794595;0,092
4;1,36363636363636;3;2;1;0,941809773636648;0,737864787372622;1,03279555898864;-0,294930771616023;47,8172019478925;-0,538092535376561;0,853527315480005;0,1084
3;1,25;2;3;-1;1,40177450091391;1,49443411809733;1,64654520469713;-0,152111086599803;73,8949895853706;-0,323682562987646;0,890503951436443;0,3159
3;1,36363636363636;3;3;0;0,975838043430184;0,994428926011753;0,843274042711568;0,151154883300185;32,5821298104484;-0,544581148637171;0,299532409985347;0,075
3;1,17647058823529;2;3;-1;1,53407621404821;1,83787316694536;1,66332999331662;0,174543173628743;84,5325374525661;-0,088033949562557;0,944323521094488;0,3604
3;1,33333333333333;2;1;1;1,32596835950014;1,44913767461894;1,54919333848297;-0,100055663864023;109,535570536237;-0,169291935301977;0,936859783661016;0,2482
3;1,25;2;2;0;1,35661176473816;1,07496769977314;1,25166555703457;-0,176697857261433;57,0368370386453;-0,526427168737453;0,827375608489282;0,1702
4;1,5;4;3;1;1,00619549717293;1,34989711542111;0,918936583472681;0,430960531948424;39,6779802164556;-0,157003281596712;0,724300391325156;0,1325
3;1,30434782608696;2;3;-1;1,17458972281778;1,19721899973786;0,948683298050514;0,248535701687351;48,0135895273864;-0,4195460441446;0,963674527731044;0,1934
12;2,5;2;5;-3;0,58125132889709;0,516397779494322;0,567646212197547;-0,0512484327032245;23,1958339274789;-0,0680413817439772;-0,531780210987253;0,0539
3;1,22448979591837;2;3;-1;1,07303887598657;1,17378779077727;1,15470053837925;0,0190872523980159;34,8664393870232;-0,382174218582676;0,959024151995953;0,1048
3;1,2;2;2;0;1,41979548141257;1,52388392675499;1,56347191994114;-0,0395879931861485;55,5845281217596;-0,792152933392526;0,978723404255319;0,2472
4;1,42857142857143;3;4;-1;1,10007703890474;0,97182531580755;1,08012344973464;-0,108298133927093;31,6223638419054;-0,174026956185886;0,939845544956611;0,1351
7;1,53846153846154;3;2;1;0,985057857717427;1,10050493461461;1,17378779077727;-0,0732828561626555;58,6787238635531;-0,336805911144621;0,541486318527318;0,1186
5;1,46341463414634;2;2;0;1,20204627791;1,15950180872841;1,25166555703457;-0,0921637483061668;72,970409922659;-0,527775757895073;0,435048698025768;0,2445
4;1,46341463414634;2;3;-1;0,964189305556307;0,994428926011753;1,07496769977314;-0,0805387737613866;49,1256088399209;-0,492125081430273;0,402242494187052;0,0954
54;20;5;10;-5;0,129099444873581;0,316227766016838;0;0,316227766016838;6,06853777009663;0;0;0,0207
3;1,30434782608696;2;3;-1;1,13047162799201;1,15950180872841;0,994428926011753;0,165072882716652;60,7832207692593;-0,161257559870783;0,935676487695164;0,1293
3;1,36363636363636;3;2;1;1,43197938942968;1,35400640077266;1,26491106406735;0,0890953367053082;44,3035196328314;-0,676652087975963;0,97651033248775;0,1874
7;1,27659574468085;1;2;-1;1,08871976856456;1,05934990547138;1,17851130197758;-0,119161396506199;41,736520157254;-0,57095556128847;0,956587721315533;0,1033
3;1,17647058823529;1;2;-1;1,20486302759037;1,56347191994114;1,10050493461461;0,462966985326531;33,0881747480521;-0,847687691582549;0,956511200910146;0,1776
3;1,17647058823529;1;1;0;1,29525426686007;1,05934990547138;1,3984117975602;-0,339061892088822;87,8041322827788;-0,316361170895414;0,690949342332863;0,2526
4;1,25;4;1;3;1,11119114589339;1,17378779077727;1,17378779077727;0;44,9631544094987;-0,187233603208917;0,927519051064677;0,1503
8;1,76470588235294;3;2;1;1,76948394915797;1,89736659610103;1,98885785202351;-0,091491255922479;147,671030876886;-0,347404166889826;0,82842712474619;0,5866
2;1,2;2;1;1;1,08090775828509;0,875595035770913;1,17378779077727;-0,298192755006354;56,9332103206888;-0,292517006802721;0,997685679551216;0,2137
5;1,76470588235294;4;5;-1;1,30015209888151;1,3984117975602;0,632455532033676;0,765956265526526;119,859216478297;0,0603388490031847;0,264155868422435;0,3207
2;1,17647058823529;2;2;0;1,29525426686007;1,10050493461461;1,49071198499986;-0,390207050385248;57,6425710191997;-0,635770374468394;0,825485068697727;0,2107
4;1,81818181818182;4;2;2;0,820637756676852;0,52704627669473;1,07496769977314;-0,54792142307841;53,2652816232699;-0,3213506887187;-1;0,1371
20;4;10;3;7;0,399151642735321;0;0,483045891539648;-0,483045891539648;14,28999977059;0;0,928203230275509;0,0378
4;1,46341463414634;2;2;0;1,07501149645672;1,07496769977314;1,03279555898864;0,0421721407844955;53,029961371437;0,138452510018721;0,731672026148635;0,1722
6;1,36363636363636;2;2;0;1,00338410442709;1,33749350984926;1,07496769977314;0,262525810076119;28,9541631843617;-0,784203183044049;0,917129105971246;0,116
6;1,57894736842105;2;2;0;1,06232343165645;1,24721912892465;1,08012344973464;0,167095679190004;52,3736131316639;-0,0257652355758703;0,672941488407604;0,1026
4;1,27659574468085;3;1;2;1,50891887064616;1,41813649241218;1,50554530541816;-0,0874088130059856;56,0330968424478;-0,833055550118279;0,896723343722748;0,2573
4;1,3953488372093;2;4;-2;0,888565148201791;1,03279555898864;0,632455532033676;0,400340026954969;30,5097534248905;-0,394600668881895;0,907138078080355;0,0717
3;1,25;1;3;-2;1,11537787166958;1,3703203194063;0,823272602348565;0,547047717057733;54,2751491945058;-0,327661354435008;0,792649142827068;0,138
3;1,46341463414634;2;3;-1;0,993054979389558;1,22927259430572;0,843274042711568;0,385998551594151;38,7310600338866;-0,299211453294845;0,916243899148456;0,099
7;1,93548387096774;3;4;-1;1,42812745320537;1,13529242439509;1,4142135623731;-0,278921137978002;96,7149054808505;-0,277791174665956;0,863668253961965;0,2693
3;1,33333333333333;3;2;1;1,0229016001629;1,22927259430572;0,966091783079296;0,263180811226422;35,1707003078846;0,0650944554904119;0,630857744677495;0,0808
4;1,25;2;4;-2;1,19839817760642;1,34989711542111;0,875595035770913;0,474302079650193;49,0214676960884;-0,424923607097902;0,569736445195572;0,1462
12;2,85714285714286;6;4;2;0,676272602408497;0,823272602348565;0,966091783079296;-0,142819180730731;37,1525157090462;-0,0365522207763142;0,371230925336554;0,1075
5;1,62162162162162;3;3;0;0,587054314660562;0,483045891539648;0,632455532033676;-0,149409640494028;28,5171331998062;-0,104695408639907;0,45540799130501;0,0903
60;60;10;10;0;0;0;0;0;5,11812067538305;0;0;0,0194
3;1,27659574468085;2;3;-1;1,02662300883035;1,19721899973786;0,788810637746616;0,408408361991249;43,0966322492823;-0,140912174124483;-0,437240925916411;0,1055
60;60;10;10;0;0;0;0;0;5,11812067538305;0;0;0,0194
5;1,36363636363636;2;2;0;1,01666898212203;0,994428926011753;1,33333333333333;-0,33890440732158;48,7114492892001;-0,328649831593034;0,186547829895439;0,1157
3;1,2;2;3;-1;1,41261467711075;1,26929551764398;1,50923085635624;-0,239935338712251;57,9634530703862;-0,643874909268427;0,832193968521503;0,2223
6;1,57894736842105;3;2;1;1,67095493520329;2,06559111797729;1,71269767715535;0,352893440821938;63,4626673843051;-0,830433510997019;0,951927325474624;0,3599
6;1,25;6;3;3;1,1511477936989;0,823272602348565;1,10050493461461;-0,277232332266047;40,9506846523577;-0,240963949057238;0,436724524092709;0,1072
5;1,46341463414634;3;4;-1;1,00549338593177;0,948683298050514;1,03279555898864;-0,0841122609381306;42,7254214500983;-0,611546400793529;0,706000349522139;0,1317
5;1,36363636363636;3;2;1;0,958311839601757;0,843274042711568;0,674948557710553;0,168325485001015;29,7934159267323;-0,0606437774689588;0,85334803377871;0,0776
6;1,62162162162162;3;6;-3;1,0078785685982;1,05934990547138;0,699205898780101;0,360144006691279;35,7885473575313;-0,647210206431655;0,938562855494782;0,1116
9;1,81818181818182;3;3;0;0,642206647840922;0,823272602348565;0,483045891539648;0,340226710808917;26,2508496265005;-0,206487745650509;0,794260110880414;0,0408
5;1,36363636363636;3;2;1;0,8376723197374;0,816496580927726;0,875595035770913;-0,0590984548431871;46,571677591239;-0,211268187717601;0,350515463917525;0,084
3;1,13207547169811;3;1;2;1,10609508076097;0,823272602348565;0,875595035770913;-0,0523224334223485;66,0568800398464;-0,0751460666734759;0,92650705577507;0,177
3;1,27659574468085;3;1;2;1,09686250033118;0,948683298050514;1,28668393770792;-0,338000639657405;50,828961482858;-0,416197165016739;0,673126088065115;0,1506
3;1,33333333333333;2;2;0;1,59545611847794;1,31656117720877;1,56702123647242;-0,250460059263655;86,1121439992857;-0,126788512528079;0,476133333832975;0,3555
4;1,36363636363636;3;1;2;1,01346862016927;1,15470053837925;0,948683298050514;0,206017240328738;40,3314760353285;-0,0922210704286329;0,908145587520638;0,1381
4;1,36363636363636;2;2;0;1,39206792483148;1,72884033065199;1,42984070596848;0,298999624683511;84,9131887283293;-0,668333719187316;0,958726818229775;0,306
3;1,2;1;2;-1;1,28210191121239;1,31656117720877;1,22927259430572;0,0872885829030483;44,5836801424147;-0,463272122722145;0,913638930156239;0,1499
1;1;1;1;0;0,705907277725455;0,737864787372622;0,737864787372622;0;55,9336947469122;0,234137897679856;-0,484032642123743;0,3292
4;1,5;4;3;1;1,05444981235698;0,918936583472681;1,15470053837925;-0,23576395490657;44,5609360523257;-0,270150428597232;0,944882348627842;0,1085
4;1,36363636363636;2;4;-2;0,911167376885589;0,843274042711568;1,15470053837925;-0,311426495667684;33,8863425624031;-0,777878873219522;0,0657536798238646;0,0826
3;1,2;3;2;1;1,17157964733794;1,25166555703457;1,25166555703457;0;60,2287824007957;-0,419806486485931;0,879044520938387;0,1651
3;1,30434782608696;3;2;1;1,34626497337303;1,34989711542111;1,57762127549323;-0,227724160072125;112,052625202384;-0,284562299198428;-0,0537113053916646;0,3084
3;1,15384615384615;2;2;0;1,55674221619497;1,70293863659264;1,43372087784044;0,269217758752202;125,405975974836;0,0112839381135967;0,0873458242025423;0,3971
8;1,57894736842105;2;3;-1;1,08129969922683;1,31656117720877;1,05409255338946;0,262468623819307;45,4999723762147;0,109566426978196;0,347926953047621;0,114
3;1,30434782608696;3;2;1;1,64153366348716;2,00277585143997;1,49443411809733;0,508341733342647;105,484809976784;0,0493093235459157;0,363363436106496;0,3727
4;1,33333333333333;2;4;-2;1,10724374035935;0,737864787372622;1,05934990547138;-0,321485118098758;49,905875786244;-0,0760340861178096;0,864406779661017;0,1302
3;1,22448979591837;2;1;1;1,12696783324776;0,918936583472681;1,34989711542111;-0,430960531948424;50,7551135615946;-0,228847568430276;-0,621868365654336;0,136
11;3,15789473684211;10;8;2;0,879136710604331;0;0,843274042711568;-0,843274042711568;47,2523559822634;-0,119522860933439;0,390388203202208;0,1017
4;1,22448979591837;2;2;0;1,48998540166511;1,42984070596848;1,82574185835055;-0,395901152382073;55,698622896164;-0,753613057025396;0,903552806237995;0,2653
3;1,33333333333333;2;2;0;1,34919938595111;1,34989711542111;1,17378779077727;0,176109324643838;83,7008387629061;-0,0684330594848137;0,220675419833216;0,2154
3;1,11111111111111;3;1;2;1,13234420112902;1,26929551764398;1,28668393770792;-0,0173884200639343;53,5397982915167;-0,171905229674731;0,847584400958652;0,1469
4;1,2;3;2;1;1,28122028696427;1,33749350984926;0,816496580927726;0,520996928921533;50,108931142569;-0,189666425789592;0,691751859241019;0,1671
4;1,46341463414634;2;3;-1;1,57621802960002;1,71593835683117;1,75119007154183;-0,0352517147106595;107,50017679393;-0,393102158837134;0,375603910223582;0,358
3;1,25;2;2;0;1,63091600202148;1,76383420737639;1,66332999331662;0,100504214059774;78,1126910134993;-0,946443321123881;0,865849025594886;0,3782
3;1,17647058823529;2;2;0;0,947193296662797;0,737864787372622;0,823272602348565;-0,0854078149759427;37,1534187321495;-0,212158555833139;0,888333252886305;0,0933
5;1,3953488372093;2;3;-1;0,969011378079462;0,843274042711568;1,19721899973786;-0,353944957026297;49,844258462206;-0,0724420092464554;0,871532483927318;0,1034
3;1,46341463414634;3;3;0;1,22808472443699;1,17378779077727;1,34989711542111;-0,176109324643838;40,2609867767357;-0,82082351874261;0,926242493086553;0,1219
10;1,93548387096774;3;6;-3;1,31602465932626;2,10818510677892;1,28668393770792;0,821501169071001;117,131048380292;0,0751867603305076;-1;0,3258
3;1,3953488372093;3;2;1;1,60366811168314;1,88856206322871;1,54919333848297;0,339368724745739;49,323439176729;-0,838692426088831;0,878361280878504;0,2796
4;1,36363636363636;4;3;1;1,22255174465606;1,25166555703457;1,25166555703457;0;57,1478365168363;-0,622174354784825;0,935066624142665;0,1787
3;1,25;1;3;-2;1,10264192240253;1,22927259430572;1,28668393770792;-0,0574113434022006;28,0746019937058;-0,477116428355697;0,934258167946434;0,0813
3;1,2;3;2;1;0,979305645864762;0,823272602348565;0,948683298050514;-0,125410695701949;31,9530535807799;-0,280556564151919;0,67831348976484;0,0689
3;1,27659574468085;2;2;0;1,30015209888151;1,07496769977314;1,54919333848297;-0,474225638709827;80,8824885846865;-0,33936659806665;0,594100831843412;0,2341
3;1,30434782608696;3;3;0;1,37891712201224;0,843274042711568;1,54919333848297;-0,705919295771399;61,6464070029575;-0,518967145603629;0,965910504049427;0,2536
3;1,25;2;2;0;1,07145816477829;1,24721912892465;0,942809041582063;0,304410087342584;45,4557926356508;0,0413143196561211;0,944937418618501;0,1198
3;1,27659574468085;2;2;0;1,18022788185475;1,44913767461894;1,07496769977314;0,374169974845804;81,8317673984518;0,014688304271492;0,694227948826538;0,2246
3;1,42857142857143;2;3;-1;1,0229016001629;1,15950180872841;0,737864787372622;0,421637021355784;62,4373890228247;-0,0493563936403284;0,580147123733229;0,1679
2;1,05263157894737;1;2;-1;1,20451129410526;1,17378779077727;1,24721912892465;-0,0734313381473797;110,618289364822;0,00941763218696022;0,897853622710107;0,278
5;1,5;3;2;1;0,787436662326019;0,875595035770913;0,788810637746616;0,0867843980242976;31,0853460352898;-0,808013685183994;0,801486531900184;0,0714
3;1,22448979591837;2;1;1;1,14128978479673;1,25166555703457;1,54919333848297;-0,297527781448394;52,3000696895793;-0,525793243766678;0,904323604857112;0,1433
4;1,36363636363636;2;2;0;0,918116470338783;0,994428926011753;0,994428926011753;0;64,8390735426835;0,186922841887107;0,441844590698521;0,1691
3;1,36363636363636;2;2;0;0,94405663911288;0,823272602348565;1,19721899973786;-0,3739463973893;79,4429104314946;0,170419338484129;0,293029948539559;0,3748
4;1,22448979591837;3;1;2;0,787436662326019;1,19721899973786;0,737864787372622;0,459354212365243;69,2774104923749;0,303083289316103;-1;0,3346
3;1,22448979591837;3;2;1;1,23633776673138;1,22927259430572;1,56702123647242;-0,337748642166703;54,5362103690892;-0,47629346638505;0,307692307692307;0,1388
3;1,27659574468085;2;2;0;1,09686250033118;1,28668393770792;1,50554530541816;-0,218861367710243;96,6030234868002;0;0,365955672593841;0,2566
2;1,13207547169811;2;2;0;1,27381272958646;1,34989711542111;1,59513148186739;-0,245234366446281;76,2149113723976;-0,00351614418948826;0,917690218359281;0,2194
3;1,2;1;2;-1;1,14227941410454;1,15950180872841;1,26491106406735;-0,105409255338946;21,2692294249955;-0,302274720876254;0,82844928076478;0,0638
5;1,93548387096774;3;2;1;1,12696783324776;1,3703203194063;0,823272602348565;0,547047717057733;76,5219202921601;0,0195019112809629;0,426656024985991;0,1725
3;1,17647058823529;2;2;0;1,13943191316803;1,10050493461461;1,17378779077727;-0,0732828561626555;44,3333757928543;-0,207508007232968;0,795057157177659;0,12
7;1,42857142857143;2;7;-5;0,973664520700049;1,59513148186739;0,483045891539648;1,11208559032774;54,5056021979639;-0,248903450048452;0,754939665151541;0,1032
2;1,07142857142857;1;1;0;1,30308196168547;1,3703203194063;1,33749350984926;0,032826809557039;121,343022785676;0,01425983724428;-1;0,3125
3;1,36363636363636;2;2;0;1,26881322725203;1,34989711542111;1,4142135623731;-0,0643164469519895;47,1539913089171;-0,601325863411778;-0,637996880963662;0,1813
3;1,27659574468085;2;2;0;1,58238895416389;1,84089350286454;1,3703203194063;0,470573183458246;55,6512916868169;-0,160570982711456;0,104152758357021;0,1515
3;1,17647058823529;2;2;0;1,58773548011067;1,71269767715535;1,64654520469713;0,0661524724582212;65,9180729846107;-0,18712029714128;0,922796969026163;0,3117
10;1,71428571428571;4;10;-6;1,12734376070578;0,788810637746616;0;0,788810637746616;77,3806036576561;0,113936685353199;0,841666155771708;0,2062
