"";"Careless";"time_p1";"time_p2";"time_p3";"time_p4";"time_p5";"time_p6"
"1";"0";107937,19;89286;68965,56;67017,2;70084,55;78559
"2";"0";78360;60321;44032,22;47584,44;47166,67;54739
"3";"0";47384,94;38533,75;40468,75;41168;30385;40210
"4";"1";61628,6;68017,38;58324,17;56230,2;75939,55;65967
"5";"0";54755;53902,22;39073,75;59514;49273,33;48685
"6";"1";35901;11902;10627,78;11141;11281;9755
"7";"0";41053,33;44208;34258,89;42075,56;35243;48546,25
"8";"0";70025,33;56194,44;49732,5;54605,56;37880;49032,22
"9";"1";13950;11299;9675;10100;13184;9730
"10";"0";65065;59328,89;56442,22;59745;49841,11;67952,22
"11";"1";34398;31110;25044;19986,67;19632,86;22824,29
"12";"0";39588,75;49781,11;36084,44;45577,78;58413,31;54703,83
"13";"0";48812,86;41361,43;32208,75;33766,67;38641;33601,43
"14";"1";49182,5;46884,44;39758;41598,89;35991,25;44441,43
"15";"0";30900;35750;25714;27529;48944,55;30382
"16";"0";63468,89;59360;45960;49606,25;42936,25;62812,22
"17";"1";11444;12189;11498;11109;10576;10483
"18";"0";41707,78;46094,44;33096,25;30828,75;30000;44454,29
"19";"1";91501,5;66445;81223,05;78575;72980;87212
"20";"0";30210;47232,86;29952,5;31537,5;34003,33;38585,56
"21";"0";39401;45796,67;36578;32455;32477;43993,33
"22";"0";111181,2;112257,65;76760,85;91079,75;82867,2;71503
"23";"1";45796;19319;21474;22325;25612;18560
"24";"0";74773;62613;50286;46728,89;48023;59640
"25";"0";62336;64648;49472;45915;48175;51406
"26";"0";65587;74125,9;51610;64840;38522;79535,56
"27";"1";32772,7;44685;21472,22;32022,22;44672,11;22750
"28";"0";52684;59987,5;41351,11;53554,44;53035,56;55011,25
"29";"1";67349,67;79166,67;52943,75;67777,5;62918,57;96144,89
"30";"0";91929,6;62146;63956,67;73326,78;52574,25;70487,3
"31";"1";68515;76229;54857;60726,67;50058;53150
"32";"0";76177,85;97198,44;56967,5;56992,22;51742,38;63746,92
"33";"1";42504;39378,75;39464;36118;37537,78;41062,22
"34";"0";129529,9;134672,35;95357,78;108002,45;101968,67;112790,45
"35";"0";53348,57;56807,78;50128,89;62286;53175,71;66860,14
"36";"0";34338,89;59378,89;58697,5;45489,89;38982,45;43824,44
"37";"0";92001,6;96552,85;63588,8;67264,44;55276,67;69964
"38";"1";80010;78957,25;53793;59254,44;55961;75603
"39";"1";40247,5;41861,25;35531,25;32818,89;34660;38765
"40";"0";58346;66488;46165;57720;48446,25;88311,1
"41";"0";60919;53680;52333,75;52844,44;43071,11;52266
"42";"1";76175;84323;62446,67;62128,75;49903;67147,5
"43";"0";63370;57181,11;50418,05;59816,7;75931,5;81621,62
"44";"1";71454,67;76936,25;67946,25;61597,78;70746,06;71893
"45";"0";99552,2;86687,67;78271,4;87937,2;67444,65;86805,15
"46";"1";54389;53680;37836,67;50605,56;44035;49809
"47";"0";78261,56;76413;58267;59148,55;57367;83538
"48";"1";64607;69742;57753;53914;62236;77399,95
"49";"1";62055,56;61151,25;44328;44868,89;47432,22;60495
"50";"0";40752;39280;33871;34972,22;26038;35955,56
"51";"1";32128;44778,89;26395;41318,75;33865;49600,67
"52";"1";47042;47127,3;46976,67;34811,11;37436,65;55537,78
"53";"0";59652;56465,71;50343,75;46934;49005,56;63238
"54";"1";16594,44;17963;16178,89;19651,11;16281,11;20741
"55";"0";68063,6;76932,11;61489,8;49351,11;55157;54106,67
"56";"0";53281,11;63462,81;53168,75;44640;45016,67;58650
"57";"1";72233;84913;50856;51472,22;61334,44;60618,89
"58";"1";46641,25;46426,67;36480;47680,29;41115;54843,33
"59";"0";100881;100775,95;80448;72395,28;63655,89;50570
"60";"1";48287;55806,25;37508,89;44805,56;33701,43;60359,72
"61";"0";60113;57563,75;52110;53059,55;46833,3;82039,94
"62";"1";64221,25;81161,11;64579,5;51121,5;36808;66204
"63";"0";52766,56;49615,56;53581,33;44720;42587;62375,36
"64";"0";74481,33;81426,19;72144,25;59823,19;48251,67;49070
"65";"0";48222,22;53300;56674;43777,78;39528,31;54666,95
"66";"1";50497,5;45801,62;43876,67;38842,22;31612,22;39373,33
"67";"0";54145,56;50035,56;37938,75;46250;47305,78;44458,89
"68";"1";59235,56;65428,89;55854;56837,78;44005;64557,78
"69";"0";52301,11;58396;65520,35;45466,67;44652,22;65828,88
"70";"0";56675;55884;49168,89;53929;49736;51660,3
"71";"0";42202;40956,25;36908,89;35998,89;42167,78;46570
"72";"1";50251,11;53204,44;44233,75;51300;43621,43;48861,11
"73";"1";22694;30003;35175;40265,56;34732,22;59587,78
"74";"0";47755;67362,22;52999;59199,55;53070;71667,5
"75";"0";110156,72;134285,29;94358,93;97977,43;83042,83;109218,67
"76";"1";65178,89;67736,67;51986,67;68063,64;53722;64341,25
"77";"0";92052,86;100926,5;62018,89;97729,22;72290;67812,5
"78";"1";71684,29;86537,78;64086;52286;50135,56;67412,69
"79";"1";84631,67;98374,38;76738,6;75450;65577,78;112678,06
"80";"0";43741,11;40307;25900;40744;33157,78;43308
"81";"0";57012,5;49991,43;42918,89;46945;37174,44;49737,5
"82";"0";79681,6;72253;59863;60671;56764,65;65687
"83";"1";14679;10897;13363;9960;10980;13631
"84";"0";38210;38987;32786;39610;27523,33;46070
"85";"1";57677;60656,39;47876,25;52303,2;10750;6449
"86";"0";50519;45073;35056;48249,06;37650;45349
"87";"1";13785;9070;9417;8820;8307;9120
"88";"0";83599,6;76499,25;57994;79803,55;50278;68766
"89";"0";74350;78344,44;77905,61;72959,2;80075,71;79732,19
"90";"1";40508,89;31291,11;26582;27606;22485;29150
"91";"1";7290;8609;7255;6303,75;7098;6934
"92";"0";82516,11;72404,29;65538,21;53541,25;64334,06;63985,56
"93";"0";47573;44463;38650;42396,67;42948,75;53943,33
"94";"0";73695,78;71916;58162,22;61206,67;67350;72831,11
"95";"1";93940,33;95744,29;70424,5;61160,61;64937;73547,72
"96";"0";91002,5;85205,56;76344,5;61614,44;77986,94;66786,67
"97";"1";40813,75;42089;39304,44;29386,67;34011,11;45826,67
"98";"0";45237,5;55110;47728,75;45829;43732;49761,11
"99";"1";38652,5;38611,67;35727,5;28865;30845;36197,78
"100";"0";61666,67;66258;46784;45076;46542,22;61735,56
"101";"1";29152;20760;21926,67;19756;19231,43;25741,43
"102";"0";69170;53507,78;47282,22;56862,22;52460,33;70457,5
"103";"1";61834;79958,89;50435,94;64630;73604;56432,86
"104";"0";89572,22;64525,89;64531,25;71558,33;47867,5;75171,62
"105";"0";79234,11;117899,28;64601,67;71253,62;68916,64;79012,3
"106";"1";55263,75;46201,25;37532,22;57524,9;41725;51705,56
"107";"1";55463,33;53820;45860;50505,56;42843;53325
"108";"1";59780,64;74217,86;48918,33;58500;50430;63587,17
"109";"0";57930;67971;39671;39697,78;36343,33;43865
"110";"1";38980,3;17156;26815;27390,19;19353;24319,72
"111";"0";82735,71;96123,22;71619,72;92584,56;75659,33;82398,33
"112";"0";41330;40627;33202,86;34443,75;31145;39605,56
"113";"1";38513;40991,25;30754,44;24023,33;45270;62205,72
"114";"1";87727,7;96500;80765,83;74174,33;71110,3;96869,25
"115";"0";74801,78;84798;44407,25;43696,67;72929,17;54605
"116";"0";26717;21425;23843,33;16670;17692;8839
"117";"0";56878,4;48223;45824;56498;68222,8;54741
"118";"1";65887,78;65126,67;50287;58286,17;51286,3;45956,67
"119";"1";29447;17161;14306;17566;13311;14820
"120";"0";43271;36962,5;38648,89;40981,11;28718,89;34751,43
"121";"0";69446;52520;43942,86;44638,57;47768,89;49653,75
"122";"0";38987,78;43126,67;38429;30918,57;35591;48597,5
"123";"0";55560;43478;42334,44;47020;50328,75;54045,56
"124";"1";104964,56;111664,31;78307,5;75098,79;61934,31;99415,33
"125";"1";35468,75;33437,78;29843,33;31738,33;32486;39734,44
"126";"0";80906;115597,3;61014,29;71272,11;63885,55;64375
"127";"1";6293;5448;5015;8704;9595,56;7328,89
"128";"0";42670;42678,89;31924,29;37961,25;43310;52072
"129";"0";63742;61523;40116;50174;51612;56682,3
"130";"1";68492;67968;58263,75;57216,67;57995,56;63327,95
"131";"0";67031,2;59101,43;54055;61225;56243,94;55291,28
"132";"0";34917,14;29918,89;23250;24955,56;26571,11;36895,71
"133";"0";52591,11;63436,67;47647,5;53454;53200;57995,56
"134";"1";70302;66137,55;46755;53812;54026;62015
"135";"0";74069;83321,67;71144,4;47924,44;48968;50539
"136";"0";55371,11;48697;41331;47856,25;45178,89;47790
"137";"0";61988;44715,56;46297;46732;38600;56543
"138";"1";34016,29;27472,5;12064;6200;6654;7348,57
"139";"1";98195,67;109225,25;85934,25;87389,75;75267,3;108951,56
"140";"0";90048,65;63108,89;68749,56;67377,83;73202;69828
"141";"1";66374;81694,75;60471,6;53096,67;59692;46154
"142";"0";46370;53273,33;35242;37046,67;34635;43184
"143";"1";70202,67;83104,5;63638,6;68701,11;62880;70006
"144";"0";51913;58237,5;49898,75;45702,5;42955;62485
"145";"0";58141,25;57053,75;46037,14;48755,71;41777,5;62845
"146";"0";69294,44;80593,33;52827,14;74478,2;64512,83;87876,72
"147";"1";50386,67;54073;55230;43093,33;52450;51219
"148";"1";8635;6571;6858;9443;8913,33;8727,78
"149";"0";58378,89;68050;60865,75;48185;57543,72;51911,43
"150";"1";64075,56;55474,44;55595;47476,25;49760;77602,22
"151";"1";46637,14;34708,89;28405,56;26870;15230;14151,43
"152";"0";46840;50601,11;53005,56;49204;36745,56;48330
"153";"1";24402,86;37865,56;25405;40695,56;26448,33;35514
"154";"1";30785,56;27663,33;29133;20584;8269;14441,11
"155";"0";21214;48056,56;33501;13913,33;42708,39;34682,86
"156";"0";43001;36576;33690;34771,25;36982;41107
"157";"0";49793,33;57572;54198,6;47213,71;50710;54688,75
"158";"1";53454;46132;51799;44826;36591;44150
"159";"0";65995;61303;50044;63548,75;56793;81622,5
"160";"1";60947,78;56763,33;43531,25;46008,75;52827,5;55975,71
"161";"0";29888;42935,56;26114,44;40427,5;31659;47114,44
"162";"1";67731;57390,65;58794,44;61641,33;43693,33;45130
"163";"0";55380;43548;34982,22;45961;31026;45635,56
"164";"0";45701;57848;27914,29;46310;44160;50286
"165";"0";52538,12;60214,3;40556,25;40036,25;29206,67;29832
"166";"1";61329,25;31110;27433,33;28145;25450;28544
"167";"0";46475;43670;35681;41808;40922;42342
"168";"1";19563;17719;20628,89;14566;19476;14197
"169";"0";88140,71;91465,31;60772,5;64182,69;44631,11;61402,5
"170";"0";88075;78517;78568,61;71300,89;67209;78773,75
"171";"1";70914,44;72509;61992,28;57147,78;51322;75082,5
"172";"1";70785,89;63853,33;51576,25;55075,56;67423,56;78447,78
"173";"0";50080;43308,75;40285,71;37222,5;41232;46708,89
"174";"1";33460;43950;32130;44371,92;27250;37491
"175";"1";21841;13612,22;12408,75;20892,22;18260;17055,56
"176";"0";57377;83685,28;53934,44;53043,33;53036,45;50131,25
"177";"1";70859,4;83568,95;57257,75;53147,78;49563,75;65008
"178";"0";90983;61102,5;45542,86;63020,17;81980,25;75666,22
"179";"1";32769,6;16537,78;12711;7713;11183;13497,78
"180";"0";57895,56;78920;40851,11;55103;51147,14;64901,57
"181";"1";15163;10497;11979;10187;11251,11;10342
"182";"0";82328,6;61784;62226;61995,06;52921,44;88250,78
"183";"0";97498,6;86545,17;83327,94;79370;81156,56;93139,94
"184";"1";50100;34562;33384,44;35071,25;31618,57;55092,1
"185";"0";90326,5;71112;70448,61;65372,95;67449,55;99387,94
"186";"1";31803,33;26220;15253,33;21801,25;20667,14;31987,78
"187";"1";11944,44;6337;7768,89;8293,75;7194,44;8640
"188";"0";48035;51007;40544;42135;41457;45723
"189";"0";69921,19;74382,5;59167,78;78586,94;52747,87;74070
"190";"1";42952,22;46282;35042,22;38256,67;36955;40708,89
"191";"0";66857,78;56871,43;49387;55556,17;39088,75;91296,22
"192";"1";45227,78;57946,39;42192,5;39605,71;36341,11;44148,75
"193";"0";63012,22;94963,75;77189,78;91833,79;52873,29;82804,43
"194";"0";65654,7;58720,69;45484,44;40296,67;53127,45;60390,6
"195";"0";61469;70148;60908,89;50916,67;54064;72894,44
"196";"1";16747;13548;10502;8371;12356;9773
"197";"0";97278,14;91942,75;88140,75;78763,2;74519,39;84322
"198";"0";33712,5;36273,75;28816,25;34320,25;24791,67;32578,33
"199";"1";39391;47077,14;31473;32416,25;34053;46735
"200";"1";121487,45;108347,55;85772,06;90158,65;93347,37;82312,29
"201";"0";57350;66330;48173,33;65975,2;53252,22;58016,67
"202";"0";70687;59272,22;70485,8;60132,5;65431,89;50415
"203";"1";31422,86;68282,5;41836,67;35876,25;34005;49550
"204";"1";54745,56;44712,5;51075,36;50654,29;46541,25;50881,25
"205";"0";49430;83448,55;49101,11;44777;61731,72;49528
"206";"1";48866,67;56963,33;44385;45142,22;39512,5;59384,44
"207";"0";47950;42789;39081,11;39148,75;33025;40780
"208";"1";40381,67;52907,78;40828;52303,75;38167,78;42465
"209";"0";50672,22;46794;37431,11;59593,6;66011,11;60764,6
"210";"0";69807,3;67581,11;49080;56348,75;49737,78;61108,57
"211";"1";10972;7632;7897;6303;9219;7426
"212";"0";63859;64233,33;57211;51783,33;65421,3;63882
"213";"1";83670;64138;62062,86;80517,57;45061,11;73018
"214";"0";60615,56;56826,67;50767;49281,11;52850;68970
"215";"0";52903;48967,78;49337,78;47692,5;44590;46413
"216";"0";43807,78;43823,75;33508,89;54220;41795;56228
"217";"1";57124;55741;35530,83;44581,25;47912;49378,89
"218";"0";42934;54201,25;40853;43005;45088,75;75834,71
"219";"0";60231,11;78637,5;56488,89;52654;84047,56;76198,88
"220";"1";44015,71;67100;33142,22;36227,5;36288,33;47730
"221";"0";44411,11;41220;38490;40438,89;61224,44;56364
"222";"0";77130;71399,17;51326,67;57548;52739;63328,89
"223";"1";44610;47299;30850;31528,75;33979;39622,22
"224";"0";98420,67;90538,11;78947,33;75637,5;75550,69;102145,89
"225";"1";9674;13762,22;7941;8448;8118;7213
"226";"0";57807;55915,56;56727,8;44368,33;57198,89;63468,88
"227";"1";42958;15857;13804;25282;19820;15085,56
"228";"0";50696,25;60191,11;39317;41285,71;39016,25;44480
"229";"1";63648;49876,25;60436,05;48473,33;15239;11954
"230";"1";27732;15783,33;12037;10560;9684,44;8919
"231";"0";46973,33;50776,67;46540;37560;58540,61;44415,56
"232";"0";68502;60048;47581;46742;42610;53130,15
"233";"1";60776;50975,56;41584,44;41845;44598,75;49911
"234";"0";64261,25;76596,67;60063,75;52566;63426,29;74767
"235";"1";46634;81769,65;35487;59795,45;36194;47908,89
"236";"0";64581,25;69871,11;46243,33;58058,75;48520;68554,29
"237";"1";14777;12111;10128;8862;9703,33;9632
"238";"1";73089,44;73067,5;59341,6;49783,75;58673,33;56658,75
"239";"0";38378,75;45602,22;35462;30180;38370;43391,11
"240";"0";49616;54447;34038,89;42612,86;41420;41445
"241";"0";56363;59301,11;40475,56;53612;51975;49352,22
"242";"1";53377,78;35387,14;29822,5;42357,78;37750;43828,75
"243";"1";81993;90608,75;70123;67124;60842;78263
"244";"0";74814,71;51820;48468,75;55870;53896;51266,67
"245";"0";52101,25;65801,25;38334,44;54823,71;42135;54476,67
"246";"0";41912;47135,56;43744;32731,11;27444;5676
"247";"1";70411;74312,22;60129,75;63675;67085,56;66362,5
"248";"0";89089,5;105295,21;78632;76200,06;63742,45;74034,44
"249";"0";74346,25;55988;48657;44528,89;50237,78;66380
"250";"1";62707,78;69812;71620,75;57087,78;50340,75;75578
"251";"1";67067,61;55896;62962;50398,57;36237,78;51252,5
"252";"0";42108;41952;42747;36837,78;45002,22;46389
"253";"0";58928;55414,44;42921;53957,78;38771;50629
"254";"1";64990;69981,11;56793,75;20506,67;11391;13290
"255";"0";38073;36603,33;27811,25;32751,11;30636,25;33054
"256";"1";70135,56;88229,22;55529,8;77396;68039,89;60592
"257";"1";41095;38881;35674,44;30757,5;34972;36152
"258";"0";85277;78350;64650,94;64742;67247,17;74064,44
"259";"0";98367,5;89619,65;68167;71388;73302;85800,94
"260";"0";78623,75;69232;55469,8;55089;55243;63689
"261";"1";76815;70561;63918;58034;69980,2;68707
"262";"0";83178,3;70813,75;70106,8;78326,55;74469,3;74084,3
"263";"0";49891;58288,89;42034;47679;42108;56261,25
"264";"1";88595;118427,25;72102,8;68079;95731,72;90935,5
"265";"0";88387;99582;58465;66004;53342,5;80141,95
"266";"0";55041,45;49233;49383,33;52035;30480;49594,12
"267";"0";82809,8;74946;64669,75;58516;57612;70012
"268";"0";38990;38736;37751;32949;40712,22;36067
"269";"1";31152,22;45141;25988;30296;27897;32010
"270";"0";35541,11;56939,3;33989;32376,67;27684,44;39716
"271";"0";83201,4;89902,05;60055;73398;64310,3;74459
"272";"1";56477,33;77186,56;59255,75;47614,2;35223;43922,89
"273";"1";35027;38612;31286,25;36798,9;35093;43305
"274";"1";36620;27546;22419;23700;15153;16837
"275";"0";78626;76432;69572;71434;58612,3;62586,39
"276";"0";41314;34657;36765;34482,5;28214,44;35239
"277";"1";36642;47803;35755;36665;36822,22;43719
"278";"0";101191,33;96674,78;81497,56;82246,17;87188,75;83270
"279";"1";20440;25453;23327,78;24855,56;21296,67;27487
"280";"0";57204,5;60031,12;40548,75;36176,2;19062,22;29245
"281";"1";41662;50888;28802;24097;32872;29828,89
"282";"0";24180;30743,33;24392;28362,9;19697;38566,75
"283";"0";73176,67;86835;56365;53092;55426,06;52367
"284";"1";25617;18563,33;18795;13572;16152,22;12742,22
"285";"1";33137;31033,9;27072,5;22274;18238;27957,6
"286";"1";11704,44;20843;14369;13945,56;15300;12764
"287";"0";96287,67;75077;48347,5;62769;91234,45;84015,9
"288";"0";68782,22;65698;49752,86;50108,75;49330;60635
"289";"0";67633,2;74941;53310,75;57945,2;62136,9;54033
"290";"1";50518;56933;38648;51110;43072;55336,67
"291";"1";39691;48559;37826;38218,89;36366;44363
"292";"0";39170;47822;30736;40674;44674,45;42347
"293";"1";31143;29811,11;38017;33978;29709;27976
"294";"1";58888,4;55046;45412;46644;52701;49157
"295";"0";47930;59238;48970;46570;47183;56745
"296";"0";27897;27171;23032;23795;45717,55;24793
"297";"1";26242,5;18942;15538;11012;12621;14103
"298";"1";41841;13542;13917;14468,89;24449,11;10775
"299";"0";18842;22232,22;25684,75;29853;33165,2;23936,67
"300";"0";72062,5;79959;66873;69443,33;74455,5;72674
"301";"0";65861;80574,25;78854,75;75278;64377,78;74336
"302";"1";22636;13116;10823;10911;12282;10796
"303";"0";45556,67;83843,22;45022,86;50872,5;46680;64564,61
"304";"0";64774,44;82713,75;58860;57365,71;61788,75;68576,67
"305";"0";46620;54549;45381;41326;45735;55864
"306";"0";40876;38912;34280;28480;27929;31914
"307";"1";28058;31486;29717;30187;28825;33639
"308";"1";40276;43899;39624;35833;35341,11;51290
"309";"1";45365;42977,78;40832;44967,78;43255,56;46333
"310";"0";39150;49193;40313;40939;37047;43657
"311";"0";34759;33461;28763,75;27815,56;31049;32047,5
"312";"1";47774;56759;42868;44447;41079;52667,78
"313";"0";90520,6;76049;65124,55;60834,2;64364;77314,44
"314";"1";60067,78;56203,33;46686,25;51225,71;47395,56;66546,25
"315";"1";50810;54166;45315,56;51702;38429;51450
"316";"0";99052,56;69458,89;55745,56;69829;66198;80498,75
"317";"1";89684,44;93407,14;46476,67;56544,44;62661,2;63077
"318";"0";116199,65;109911,44;92230,4;99652,75;94106,3;110925,39
"319";"0";106699,4;86555,56;82833,75;69405;75526;90905,3
"320";"1";65303,33;70767,78;55905;61624;55944,44;52413
"321";"1";40930;36701,11;45453;39090;39633;52882
"322";"1";45357;47920;32482;51272,2;43297,5;42822,5
"323";"1";66748,28;58448;57434,44;42394,44;38750;56748
"324";"0";103029,86;111957,14;79658,57;100185,3;91001,56;88903,5
"325";"1";57345,56;59985;46398;51188,75;64625,44;91552,33
"326";"0";76947;98967,75;71969,25;73005,56;52501,11;80417
"327";"0";67911,11;53474;48108,89;53040;56316,67;76846,55
"328";"0";45152;44342;35574,44;40045;39776;45862
"329";"1";22237;24040;18524,44;16823,33;18902;12783,33
"330";"0";34440;38788;37411,11;39162,22;33547,78;58495,11
"331";"1";18016;15184;11149;13360;11590;11144
"332";"0";117968,11;126335,85;86522,72;90673,75;94965,15;87985,89
"333";"1";39301;42056;32440;33996;30730;46955
"334";"0";66987,45;82149,8;49066;47250;63338,55;75173,6
"335";"0";9999;11111;9128;8288;8136;8735
"336";"0";67937;60800;44282;47821;62685,55;46297,78
"337";"0";69900;66711;48396,67;67759;50085;70167
"338";"0";53197;58335;42969;44712;46846;48316,67
"339";"0";80736;92025,25;75529,75;70680,6;69512;82602,1
"340";"0";40042;41564;39044;37055;32893;43697
"341";"1";44000;43594,44;32277;37848,89;39912,22;44786,67
"342";"1";83753;91938,89;74131;85810,15;83571,45;88767
"343";"1";46280;43913,75;42894;38130;37173,33;47991
"344";"1";66537;60245;62242,22;54534,44;45321;51728
"345";"0";93033,2;113634,7;82224,8;82134,44;76894,17;88496,3
"346";"0";70014;70991,25;53164;81139,55;61754;65097
"347";"1";74591;69851;54238;62070;59288,89;72417,78
"348";"1";91278,89;110168,5;82218,55;84314,6;87537,95;102747,15
"349";"0";93782,3;68611;64225;68040;72467,25;77575
"350";"1";48607;51020;37070;41681,11;37486,67;53012,5
"351";"0";73067,78;62312,86;63961,11;56079,6;40766;49043,33
"352";"1";69139;77821;54760;59395;47363;75246
"353";"1";34641,11;32687;27164;33115;28590;36314
"354";"0";95222,45;97309,61;69428;83034,67;65125,3;95757,61
"355";"1";43813,33;37795;36886;34958;33256,67;37116,67
"356";"0";62975,89;102412,25;65406,67;57495,55;59641,25;63231,25
"357";"0";78359,45;83052;82860,6;79461,2;68021,85;86448,1
"358";"0";84682;75636;59436;64186;62991;81719
"359";"1";55047;56423,33;50302;47405;44725;60018,3
"360";"0";78263,33;78586,55;64007;75157,15;76021,65;77161
"361";"1";62016;56689;43817;53388;69669,85;43863
"362";"0";80043;78787;61294,05;65118,89;52253,3;74052
"363";"1";48881,11;61801,43;51382;49468,89;41898,75;64217,78
"364";"1";53168;55358;45310;45227,78;50961;62319
"365";"1";36431;18905;10542;18753,75;9982,22;8200
"366";"1";31778;16703;10375;10708;9481,11;9623
"367";"0";51555;48455;46326,67;48915;52748,45;48109
"368";"0";41222;49050;41816;44329;41657,9;56770
"369";"1";54843;55562;43496;46300;39495;53287
"370";"0";81839,1;97260,05;65965,75;69923,28;69433,2;83987,35
"371";"0";39028,89;42236,67;32603,75;39563,75;26293,33;43458,89
"372";"0";65628;66170;54194;62656,67;58911;63049
"373";"0";52377,78;72155,89;55166;44765;50450;57770
"374";"1";46512;53517;40639;45059;48746;57746
"375";"1";66840;78301,25;69347;70097,78;68767,78;89576,75
"376";"0";66738,75;63407;55286;55900;43600;61310
"377";"1";32354,44;29521;26103,75;23170;23404,44;25668
"378";"1";36814,44;35212;42891,11;34331,11;44790;40255
"379";"0";55787;44337;30980;31978;32828;40807
"380";"1";37283;38124;33890;32698;30685;40486
"381";"0";84953,33;85508,75;64581,11;69060;66211,33;85117,5
"382";"1";52525;63534;45010;63855;55890,22;59789,15
"383";"1";65654,44;57273,33;44968;47697,5;43790;48523,33
"384";"1";47685;53872,5;37275;32091,11;21578;26120
"385";"1";40194,44;43405;38411,75;38786,9;31376,67;51577,78
"386";"0";77644;73855;66788;59717;51343,33;64257
"387";"0";58350;66455;57643,33;57020;72735,55;63965
"388";"0";58546;45370;40813;52231,44;48905;43867
"389";"0";65564,44;62515;55046,67;63342;50577;63015
"390";"1";24944,44;32418;33309;27620;25263;27022,22
"391";"0";46846,67;40152,22;34984,5;43259,15;34920;57468
"392";"0";43972;48762;38778;38891;47424;53900
"393";"0";59388,2;67490,9;44388;45467,15;51096,67;48721,11
"394";"1";44086,67;47066,67;32011;38659,11;36646,67;47208,89
"395";"0";114077,4;103608,78;86363,05;81783,6;77046,65;85382
"396";"0";32348;44444;40956,75;34850;53376;51004
"397";"1";52828;38762;37314;40494;34303;10441
"398";"1";46513;44511,43;35245,56;44868,57;33102;45337
"399";"1";60569;60145,56;31575;51112;38003;52426,67
"400";"0";51318,89;53236;56785;49642,86;52304,9;64260
"401";"1";5158;7538;6436;4259;4189;5415
"402";"0";57018,75;53057;53445,56;49137,14;62098,3;48243,75
"403";"0";101199,5;97425,9;84217,5;71992,2;78981,55;88222,7
"404";"0";44558,89;33488;31216;30593,33;36982,5;38946
"405";"0";43687;47732;39809;44045;39136;44990
"406";"0";53556;58154;45007,78;39830;43315;41615
"407";"0";61355,71;67386,3;55448,89;38566,67;56003,61;55312,22
"408";"0";31395;32837,5;27087;30366;27894;29432,22
"409";"0";36204;47855;35740;35418;31480;48460
"410";"0";55305;53796;41587;42076;36691,11;49338
"411";"1";76481,6;75562;64276;61694;76723;64949,75
"412";"1";39131,11;55550;34853;42988;32008;37014,44
"413";"1";57074,44;62124;56710;47686,67;46843;61628,89
"414";"0";52214,44;45473,75;37136,25;44960;37220;39575
"415";"1";52175,56;74950,45;54950;46307;57068,39;62250
"416";"1";75906;87334;74026,67;66957,2;68620,25;86495
"417";"1";9957;5622;5915,56;6136;5728,89;5785
"418";"0";61871,15;87109,4;53629,05;61842,75;36243,2;59539,17
"419";"0";108246,25;64930;57980;55758,75;54939,5;78321,43
"420";"0";73457,17;64258,89;82078;91514,81;76037,2;97804,29
"421";"0";59417;42574,44;29960;33197;27808,89;43946
"422";"0";68267,8;48381,43;38345,56;32662,86;45090,25;45162,86
"423";"0";74430,6;63835;48894,17;62655,25;55976,67;47576
"424";"0";80732,85;67992;56960;67912,55;66206;72717,78
"425";"1";40862;51574;47027;41530;47952,44;44165
"426";"0";43435;45580;44637;44978,89;47177;55116,67
"427";"0";60410;70210;56476,25;48911,43;59190;64241,11
"428";"1";23517;33195;26301;43672;25622;47148
"429";"0";68305;88241,94;47470;59690,61;50642,5;69857,78
"430";"1";107707,44;136119,19;85173,72;99276,2;101566,9;112981,38
"431";"0";73094;69199;46863;57987,78;45544;56440
"432";"1";29522;15820;25176;11461;11454;14630
"433";"0";43534;48220;31528,89;38506;35542,22;35292
"434";"1";31172,22;43478,89;29890;41608,9;34904;41821
"435";"1";53222;60142,22;47205,56;57392,2;59165,9;57322,22
"436";"0";65536;46409;49653;52220;50429;59290
"437";"0";119046,28;145541,5;105652,5;103071,9;105185,3;102289,94
"438";"0";102740,7;109485,17;84953,31;82338,6;85545,65;86959,06
"439";"0";76031,11;93470;65948,44;63642,2;70777,65;60831
"440";"1";58744;68021,55;68175;60430,61;60986,2;81754,25
"441";"0";125752;118660,06;103582;107093,7;87292,2;112597,11
"442";"0";41716,67;15396;11961;11941;9642,22;8963
"443";"1";42816,25;15573;10947;9734;8781;12256
"444";"1";34466;39290;30310;31071;29574;34543,33
"445";"1";34067,78;17801;29890;42621,25;47827,3;31422
"446";"0";69692;64982,5;48728;54025,11;54026;69743,3
"447";"0";49103,33;50659;35862;42564;31092;37442,22
"448";"0";60687,78;64676,67;74013,78;66742,11;51553,33;72878,75
"449";"0";17724;11621;10676;11594;10871;9381
"450";"0";56666;74438;55843,75;57304,15;51059;58771
"451";"0";73079;69140;59076,8;55819,6;51275;52923
"452";"0";91425,95;101485,3;75630;76151;70106,2;87144,3
"453";"0";58534;60416;62953,6;46444;54201,45;71441
"454";"1";60807;52063;47390;53519;60200;65479
"455";"1";33695,56;46542,55;29252;25660;32134;29964,44
"456";"1";44565,56;46936,67;35102;36334;32988,57;40770
"457";"0";42905;45211,25;43500;55080;37511,11;55410
"458";"1";27571;38052;30448,89;33591,11;30795,56;49895
"459";"0";49718,89;64197;40121,11;37912,5;52595,56;45152
"460";"0";56813,75;43612,22;48755;40232,86;37988,75;52311
"461";"1";25025,56;21540;17881,67;18657,14;17026;21464
"462";"0";48266,5;46989;34047,78;34562;45771,25;43407
"463";"1";42710;44757;35665;37201;33449;39378
"464";"0";83698,89;88306;72722;76366,67;79171,39;89013,5
"465";"1";30742;33198;25197;29787;27177;34048,89
"466";"0";67480,95;87020,95;72054,17;68509,75;52530,2;94499,85
"467";"0";27065;55336,56;31967,78;35196;24357,78;33512,22
"468";"0";89986,4;96859,65;81363,4;70330,15;68877,4;74124
"469";"0";32183;33592;25921;31967;27108;31707,78
"470";"0";72025;90728;57754;74789,55;63935;65245
"471";"0";40930;52039;33162;38365;31416,67;42409
"472";"0";70384;64734;65133,8;64054;68394,72;65772
"473";"0";78288,89;71109;58902,86;70194,44;70057,85;73655
"474";"0";87270;80498,25;74184;71620;57240;76497
"475";"1";58142,5;57544,29;46223;36626;40745,56;50860
"476";"0";27044;22770;31547,78;40848,89;45214,55;25321,11
"477";"1";75034,29;75876,25;81719,33;67882,22;73217;78769
"478";"0";61225;57282;47061,75;41406,67;37870;47850
"479";"1";7413;5334;6464,44;5946;14753,9;6528
"480";"1";36771;36434;28443;42488;31367,5;35567
"481";"0";106152,4;115959,55;92079,35;90157,7;83617,22;108769,2
"482";"1";46392,22;48707,78;45674;51278;41005,56;57117,78
"483";"0";69145;71414;65336,75;59334;61746;74809
"484";"0";55702;60528,89;49273,75;52300;43341;57846
"485";"0";113734,5;112484,25;86290,8;78587;75730,3;87752,56
"486";"0";84294;76976,67;55073;69605;58621,43;74539,6
"487";"0";66176;60605;47120;57538;73361,43;60765
"488";"0";113511,5;120249,67;93092,67;104149,11;91954,06;101912,69
"489";"1";29333;34129;28719;29743;33930;33468
"490";"0";32573;45045,56;67734,75;43766,67;26256,67;32650
"491";"1";47276,67;40494,44;33637;38945;35842,5;41483
"492";"1";76411,25;79467;65873,33;62880;71662,56;74670
"493";"0";41980;43752,86;32876,67;31671,11;33767,78;42660
"494";"0";102677,33;111440,61;93882,67;86969,89;83350,31;96622,5
"495";"0";42712,22;39220;39434;34593;34365,56;42218,89
"496";"1";59603;62575;44695;57870;41347;51588
"497";"0";65256;79454,9;69712,75;74923,35;68199,55;88153,75
"498";"0";47916,5;70507,9;37014,44;40457;53293;41467
"499";"0";53445;28375,56;38747,8;42714;35086,65;43254
"500";"0";60728;83599,89;64659,72;50947;63842,9;70713,33
"501";"0";110250,69;109716,67;90195,44;91973,15;100316,2;102619,9
"502";"0";43663,25;44187,14;22595,56;49714,57;22716;37936,25
"503";"1";23560;14517;22892,22;34471,11;37687,5;28046
"504";"0";55094,44;62794,25;46182,22;50940;45704;51919
"505";"0";52348;77990;53095,56;59857;72799,81;86763,22
"506";"0";43121,11;38284;31238;31558;34034,44;39876
"507";"0";64786;63186,67;65107,5;54471,11;68507,78;60426
"508";"1";33267,78;26228,57;30088,57;30170;31902,22;32819
"509";"0";63915,71;77377,39;57929,69;56068,75;51630;62665,56
"510";"1";22412,22;8141;8295;7891;7568;7256
"511";"1";51318,7;39612,22;33522,5;31551,11;28556;58872,88
"512";"0";62006,25;78206;62659,75;56112;52632,22;65024,39
"513";"1";69890;76578,39;69979;66394;61172;65524
"514";"0";69961;65955;49916;61463;55054;71950
"515";"1";47230;47126,25;48341,11;46044,44;42347,78;47238,57
"516";"0";44300;41742,22;45678;40715,56;41505;43807
"517";"0";55839;71662,5;64343,45;58573,33;30728;47980
"518";"0";57979;52987,14;43402,22;54410;55338,89;54098
"519";"0";7484;6776;7127;7076;5989;8038
"520";"0";54690;48791,11;44603,75;53012;41591;51189
"521";"1";4797;4137,5;4407,78;4536,25;5405;6945
"522";"0";6449;6077;7909;6255;6815;6308
"523";"0";62422,72;56966,25;38017,14;43614,29;50168,75;60255
"524";"1";45802,5;43011,43;47736;42142,11;35431;44741
"525";"0";73521,11;87108;80468,6;74620;71842;91684,05
"526";"0";42790;57083;47304;38988;42035,56;39784
"527";"1";47442,5;43897;40603,33;42690;40442,9;49723
"528";"0";63050,44;58910;50566,25;54292,11;46803;56825
"529";"0";90771,25;89938,33;81783,14;76823,33;73080,72;79761,11
"530";"0";41367,5;56376;78341,6;82029,6;98650,65;72930
"531";"0";81889,4;72901;53620,8;48485;43435;54717
"532";"1";88529,67;113738,33;85676,8;100100,1;75557;103701,31
"533";"0";43655;35452,22;38960;39783,9;30595;46835,56
"534";"0";14868,57;25465;58654;33692,22;37929;42156,1
"535";"1";10559;9460;11359;12650;12487;31520,6
"536";"0";62703;73725,56;61624,6;63727,5;58870;77265,1
"537";"1";6292;6775;4597;6655;4965;5178
"538";"0";70115;74186;61429;69067;53013;58566
"539";"0";76518,4;119052,2;93178,2;86832,44;91299,6;113134,06
"540";"0";55595;66218,89;61165,11;64757,67;50447,78;90850,06
"541";"0";105023,4;102668,55;84857,6;74704;89063,05;91854,45
"542";"1";57758;58741,11;50226;56092;52908;61236
"543";"1";76550;85806,67;69299,6;70408;62590;80750
"544";"0";80674;65614;61412;63763;54927,2;44386,67
"545";"0";75044;78562;67601,8;80615,67;62764;70685
"546";"0";111034,7;115108,2;96772,35;98886,75;99265;119684,8
"547";"1";45768;50907;37952;36803,33;22794,44;26633,33
"548";"0";38612;49136,25;36191,11;37616,67;36034,44;37386
"549";"0";67665;60648,89;69026,25;81103,45;73495,65;58989,95
"550";"0";35000;52050;32885,56;38812;30441,11;40967,5
"551";"0";43826;44425,56;38847,5;33324;44283,33;38902,22
"552";"1";33175;38545;28843,33;4251,11;6057;7859
"553";"1";48198,89;44054,44;36722;47270;40980;44400
"554";"0";70769;74067;47762;53075;54893;59430
"555";"0";19779;31107,9;8565;9989;8448;8468
"556";"1";72955,3;72881,25;77520,22;69821,55;58466;68708,44
"557";"0";37241;36084;32035;40704,2;24733,33;32480
"558";"1";77220;72120,55;53929;54318,89;57607,78;68888
"559";"0";132105,25;132984,55;96189,28;109210,87;107882,9;107197,44
"560";"0";83326,4;81153;64744;73019;68810;81506,95
"561";"0";39556;42083;34157;31341,11;28630;36896,67
"562";"0";114714;103528,8;91766;84165,11;88911,11;93462,15
"563";"1";119656;127746,19;80818;89989,5;82072,72;101774,83
"564";"0";62197;58504,44;58137;66020,15;54711,5;65886
"565";"0";23154;29123;40345;37640;24524,44;33676
"566";"0";46776,25;43558,89;39753;37609;39157,78;46864
"567";"1";79902;77510;58214;64084,9;66398;69158
"568";"0";88798,89;76287,28;62934;78897,6;65321,45;78008,89
"569";"0";67707,4;61573;44550;44766;44934;49604
"570";"1";73932;68644;70131;70051;71229;72283,33
"571";"0";93624,4;98887,78;60303;75782,22;81363;76168
"572";"0";63246,6;61202;63585;71080,2;57418;62049
"573";"1";34658,89;34627;35961,11;36501;38094,44;33754,44
"574";"0";83046;75608;68156;64744;63609;72863,75
"575";"1";70013,4;47822;10914;11220;9631;13238,89
"576";"0";44204;46671,11;44881,6;38185;37029;42634
"577";"1";64494;67521;47636;47818,89;71183;67941,11
"578";"0";73661;85381;64571,43;58585,75;80936,17;63682,56
"579";"0";67130;70058;68514,75;62515;56311;68254
"580";"0";60598;74564,75;52345;64408,78;62630,62;88424,31
"581";"0";66345,56;67127;53324,29;55979;50789;51558,89
"582";"0";93287,4;109234;92552,85;83833,6;88082,61;111551,75
"583";"1";56148,89;50015;39203,33;44267,78;39005;49952,5
"584";"0";55839;46247;40564,44;46732;41491,11;41981
"585";"1";49495,71;56827,78;49903;52086,67;41945,71;63079,95
"586";"1";12524;11774,44;22937,78;10166;8384;10370
"587";"0";59588;67263;52013,33;54526;48480;59382,22
"588";"0";65566;63105;48810;63262,5;58840;60548
"589";"1";9473,33;6133;8527,78;4673;7325;5108
"590";"0";23532,6;18937,75;18691,75;3527,5;27901,55;30479,5
"591";"0";28245;7875;5923,33;8017,78;7060;7426
"592";"0";92324,93;76479;60698;69136,17;73373,25;79449,69
"593";"0";34876;36746;34894;33336;31002;30494
"594";"1";17448;21931;11920;11483;16398,89;10568
"595";"0";67663;62421;45303,33;54735,56;56621;60073
"596";"0";74057;74156;61645,56;56451,25;59224,33;70807
"597";"1";22723;23444;20527;11397;16130;10208
"598";"0";109181,35;91808;71822;72829,55;70416;80960,75
"599";"0";58277,78;54289;41796,25;54325,56;41880;44288,89
"600";"1";59857;62693,75;49610;64256,5;51934,56;21156,3
"601";"1";14352;11730;13193;11649;13639;12070
"602";"1";64956,7;54934,44;51607;50878,89;43106;55449
"603";"0";99510;93257;81921,55;84565;75176;86722,75
"604";"0";52547;42058;58565;63400,75;36722;39411,11
"605";"1";11141;7961,11;10697;7480;7848;6454
