;Careless;HE01_01_r;HE01_09_r;HE01_10_r;HE01_12_r;HE01_14_r;HE01_15_r;HE01_19_r;HE01_20_r;HE01_21_r;HE01_24_r;HE01_26_r;HE01_28_r;HE01_30_r;HE01_31_r;HE01_32_r;HE01_35_r;HE01_41_r;HE01_42_r;HE01_44_r;HE01_46_r;HE01_48_r;HE01_49_r;HE01_52_r;HE01_53_r;HE01_55_r;HE01_56_r;HE01_57_r;HE01_59_r;HE01_60_r;HE01_02;HE01_03;HE01_04;HE01_05;HE01_06;HE01_07;HE01_08;HE01_11;HE01_13;HE01_16;HE01_17;HE01_18;HE01_22;HE01_23;HE01_25;HE01_27;HE01_29;HE01_33;HE01_34;HE01_36;HE01_37;HE01_38;HE01_39;HE01_40;HE01_43;HE01_45;HE01_47;HE01_50;HE01_51;HE01_54;HE01_58
1;0;5;5;2;5;5;4;1;1;5;5;4;4;5;3;5;4;1;2;5;1;5;1;2;4;3;2;5;5;5;5;1;5;2;4;4;5;5;3;2;1;4;3;5;5;5;5;4;2;5;5;5;1;2;5;5;5;4;3;5;2
2;0;5;2;4;4;2;2;4;4;4;5;4;3;5;4;4;4;4;3;4;2;4;2;3;4;4;4;4;5;4;3;2;3;4;2;4;4;4;2;5;4;4;3;5;4;2;5;2;4;4;3;5;1;2;4;2;5;2;3;4;4
3;0;1;4;4;5;4;5;3;5;4;5;4;4;5;3;4;4;1;2;5;3;5;5;5;2;1;5;5;4;5;5;4;4;1;4;5;1;4;1;1;2;2;5;3;1;2;1;3;1;4;1;4;1;3;2;3;4;4;4;5;1
4;1;4;3;3;4;4;2;2;4;4;4;4;4;3;4;3;3;2;3;3;2;3;2;4;2;4;3;4;2;4;4;4;4;5;5;3;4;2;4;5;2;4;4;2;4;4;4;5;3;4;3;4;4;3;5;5;2;2;5;3;2
5;0;4;1;2;4;5;1;4;3;3;4;2;2;4;3;2;5;5;4;4;3;3;4;1;5;4;1;3;5;5;1;3;3;2;2;4;2;5;4;1;4;4;2;5;4;3;2;2;2;1;4;5;2;1;5;2;4;4;1;4;2
6;1;1;2;2;3;4;3;4;4;2;5;3;2;2;4;4;5;3;4;1;5;1;2;4;3;4;3;5;1;3;2;2;4;1;2;1;5;3;1;4;4;4;4;2;2;1;4;2;1;5;4;1;2;3;2;5;4;3;3;2;3
7;0;1;4;4;2;3;2;4;4;4;5;4;3;2;2;4;4;2;2;4;3;4;2;4;4;3;4;2;3;2;5;3;4;3;2;2;4;3;2;4;2;2;4;2;1;2;4;2;4;4;2;4;3;3;4;3;4;4;3;4;3
8;0;4;3;4;4;4;4;3;2;5;5;4;3;3;4;2;4;2;4;3;4;5;5;3;1;4;2;4;5;4;2;2;4;1;4;4;3;4;5;2;2;3;4;5;3;3;3;2;1;4;4;4;4;3;3;2;4;3;2;4;1
9;1;4;2;3;3;3;3;3;3;3;3;3;3;3;3;3;3;3;3;3;3;3;3;3;3;3;3;3;3;3;4;4;4;1;4;2;3;3;3;3;3;3;3;3;3;3;3;3;3;3;3;3;3;3;3;3;3;3;3;3;3
10;0;2;4;4;2;3;2;4;4;3;5;4;4;4;4;3;2;2;3;4;4;4;3;5;2;4;3;3;2;2;4;2;4;3;2;4;3;2;3;4;2;2;4;2;2;2;2;3;4;2;4;3;2;4;4;2;2;4;2;3;4
11;1;1;2;2;5;5;2;1;5;5;5;5;2;5;4;5;5;2;2;4;2;2;1;1;5;3;2;5;4;5;5;1;2;4;5;1;5;5;1;3;4;1;4;2;1;2;4;5;1;4;4;5;5;4;4;4;5;4;4;2;1
12;0;4;4;5;5;4;1;4;3;5;5;4;3;4;2;4;4;2;1;4;4;4;3;2;2;4;2;4;4;5;3;3;4;4;5;5;4;5;4;5;2;3;5;3;4;2;2;4;4;5;5;5;2;4;4;4;4;3;3;4;4
13;0;3;4;5;5;5;2;4;3;3;5;5;5;2;4;4;1;2;5;3;3;5;4;4;5;4;3;5;5;5;2;2;4;2;5;4;5;5;3;4;2;4;4;4;3;3;1;2;5;1;5;4;5;4;2;2;4;4;4;5;4
14;1;4;4;3;5;4;3;3;3;4;5;5;2;4;3;4;4;2;5;4;2;5;3;3;4;1;4;4;4;4;4;2;4;2;4;3;5;3;2;4;1;4;4;3;1;3;2;3;3;4;4;4;3;4;3;3;4;3;3;4;1
15;0;4;2;3;4;4;3;3;4;3;4;2;2;2;4;5;5;4;3;4;3;4;5;4;4;3;4;3;5;5;4;3;3;3;2;4;4;5;4;2;3;2;4;4;5;3;3;3;3;4;4;4;3;2;4;3;5;3;3;2;2
16;0;5;2;5;4;5;3;5;3;4;4;3;3;5;4;4;3;2;5;4;4;4;2;4;2;5;2;4;5;5;2;3;2;2;4;4;4;4;4;4;4;5;4;4;5;3;3;4;3;5;5;3;2;3;5;4;4;4;2;5;3
17;1;3;5;5;1;4;2;5;4;4;2;5;3;4;1;5;2;1;1;2;4;4;4;1;4;1;2;3;3;5;3;2;3;3;4;2;2;3;4;3;2;1;5;3;4;4;3;3;4;2;1;3;2;2;3;3;5;1;4;4;2
18;0;5;5;3;4;4;4;2;5;5;5;5;4;4;2;4;5;4;4;4;2;4;4;3;4;2;5;2;5;4;5;4;3;5;2;5;4;5;3;4;5;3;3;4;4;2;5;4;1;4;2;4;3;3;4;4;5;4;4;3;1
19;1;3;3;5;4;2;2;2;4;5;4;4;4;4;3;4;4;1;4;4;3;4;4;4;4;2;4;4;3;5;4;1;3;2;3;4;5;4;4;3;2;4;3;2;4;3;2;2;3;5;3;4;2;2;4;4;4;4;3;5;3
20;0;4;1;5;2;4;3;4;3;4;2;5;4;4;4;4;2;2;2;5;2;1;5;4;2;2;3;2;2;4;2;3;5;2;2;4;5;2;5;3;2;2;3;1;2;3;2;2;3;4;5;4;3;5;3;4;2;4;2;4;5
21;0;4;4;3;4;3;4;2;2;5;4;3;2;3;5;4;4;3;4;3;2;4;3;2;4;3;2;3;3;4;2;2;3;2;4;4;3;5;4;3;3;3;3;4;3;3;2;4;3;4;4;3;3;3;5;4;4;2;4;4;2
22;0;4;3;2;4;4;4;5;4;5;5;5;4;4;3;4;4;3;5;4;3;5;2;4;3;3;4;3;3;5;5;4;4;5;5;3;3;4;3;2;3;3;4;2;3;3;5;3;2;5;3;4;3;3;3;3;3;2;3;4;2
23;1;3;2;3;2;4;5;2;3;5;2;2;2;4;3;4;3;3;3;4;4;2;3;4;3;1;2;3;5;1;3;3;3;3;3;3;2;5;3;2;3;4;2;3;5;3;3;1;2;2;1;2;3;4;3;1;3;2;1;4;2
24;0;2;2;4;4;2;3;1;4;4;3;3;4;4;3;4;4;2;3;4;3;4;3;4;2;4;4;5;2;5;5;2;4;2;3;4;4;3;2;5;1;4;4;4;2;4;3;4;4;4;4;4;4;4;3;3;4;3;4;4;4
25;0;1;5;5;5;2;5;4;2;5;4;2;5;5;1;4;2;4;5;1;2;4;1;4;3;1;1;5;5;5;4;2;3;1;5;1;3;1;1;4;5;3;5;5;1;2;3;4;4;5;3;4;2;2;3;5;5;1;5;5;1
26;0;3;5;3;5;5;5;1;3;5;5;5;3;5;5;5;3;3;3;5;1;5;3;1;3;1;1;5;3;5;4;2;1;1;5;3;3;3;3;1;3;3;3;1;3;1;1;1;3;5;1;5;1;1;5;3;5;5;3;5;1
27;1;4;4;2;5;4;2;4;2;5;2;1;1;4;4;2;5;2;2;2;2;5;2;1;4;2;2;4;2;5;4;1;1;4;4;5;2;5;4;2;2;3;1;4;2;1;4;4;2;5;5;4;2;1;4;2;4;4;2;4;1
28;0;5;2;5;3;4;1;5;4;5;5;4;4;5;3;4;4;3;2;4;4;3;5;2;3;5;4;4;2;3;3;4;4;1;3;5;4;2;5;4;2;3;3;1;4;3;3;4;4;3;4;2;1;4;5;5;2;3;4;5;4
29;1;2;4;4;3;4;4;4;2;4;3;4;4;3;4;4;4;3;4;4;4;4;2;3;4;2;3;4;5;3;4;3;4;2;4;3;4;4;2;4;4;3;4;4;2;3;4;4;4;3;4;4;2;2;4;3;4;4;4;4;2
30;0;3;3;5;5;5;3;3;5;5;3;5;1;5;5;5;3;2;5;5;3;5;3;4;2;5;3;3;3;1;5;3;3;1;1;4;4;3;3;3;1;3;4;3;5;3;3;3;4;5;4;4;2;1;3;3;3;1;2;4;2
31;1;3;4;1;2;4;1;3;2;5;5;5;3;4;2;4;5;4;1;4;1;5;5;2;5;3;2;4;3;2;5;2;2;5;3;2;4;5;1;2;1;1;1;2;2;1;5;2;2;1;2;3;3;1;4;1;4;4;2;4;1
32;0;5;4;3;5;4;5;3;4;5;3;2;3;4;5;4;5;2;2;4;3;2;2;3;3;5;4;4;4;4;4;2;4;2;2;5;3;4;5;4;4;2;4;4;4;4;2;4;2;5;4;4;2;2;4;3;4;2;4;4;3
33;1;1;2;2;2;3;2;3;4;3;2;3;3;2;2;2;5;4;2;4;2;3;3;2;4;2;3;2;4;2;2;1;1;3;2;2;3;4;3;2;4;2;2;3;4;2;2;2;4;2;4;4;2;2;3;2;5;4;2;2;2
34;0;5;4;5;5;5;4;3;3;5;4;5;3;4;4;5;5;2;5;5;2;5;4;4;3;4;3;5;4;5;5;1;3;3;3;4;3;5;2;2;3;3;2;3;5;2;4;3;4;5;4;5;3;1;3;3;5;5;3;5;1
35;0;4;5;2;3;4;5;4;2;5;3;4;4;3;2;4;4;3;2;5;3;4;3;5;1;5;4;4;5;3;4;2;4;1;4;3;4;4;3;5;2;4;4;4;4;2;2;4;4;4;4;4;3;4;4;4;4;2;3;4;3
36;0;2;1;4;4;4;2;3;5;4;4;5;2;2;3;4;5;4;4;5;2;5;1;3;4;2;4;3;5;4;5;2;3;3;2;4;5;5;2;4;5;3;2;4;1;3;4;2;3;4;5;5;2;2;3;3;4;5;2;2;2
37;0;5;4;5;5;4;4;3;2;5;5;5;5;4;5;4;3;4;3;4;3;5;4;4;2;4;2;2;5;5;2;4;4;1;5;4;2;4;1;5;3;2;4;3;2;2;3;4;3;5;4;4;3;3;4;4;5;1;2;5;2
38;1;4;2;3;1;4;2;2;3;5;4;3;4;5;4;3;2;2;5;4;3;5;4;5;1;4;2;5;3;3;4;3;4;2;3;4;4;2;5;3;1;4;4;3;4;2;1;2;3;5;4;4;1;3;5;4;3;3;3;5;3
39;1;2;2;2;5;3;4;3;2;5;4;2;2;2;2;4;4;4;5;2;4;4;2;2;5;3;3;4;4;4;3;1;2;3;4;2;3;5;4;5;4;2;4;3;1;3;2;3;4;4;3;3;4;4;4;2;4;1;3;5;2
40;0;5;4;4;5;4;5;5;4;4;5;5;5;5;5;3;4;2;3;4;5;5;4;4;2;3;4;2;5;5;4;2;5;4;4;4;3;1;3;5;2;2;5;5;5;2;4;2;5;5;1;2;1;4;5;2;2;3;1;5;4
41;0;2;4;3;4;2;4;2;3;5;5;5;4;3;4;2;2;3;4;4;2;5;4;5;4;4;4;3;4;4;5;4;5;3;3;3;2;2;5;1;3;4;5;3;5;4;3;4;3;3;3;3;2;2;3;3;3;2;3;3;3
42;1;3;4;5;2;5;2;4;4;4;4;4;3;4;4;4;2;2;2;4;4;2;4;4;3;4;3;4;3;2;2;2;4;4;3;4;4;3;3;3;3;2;4;2;3;2;2;4;3;4;5;4;4;3;4;4;2;5;2;4;4
43;0;5;1;4;2;4;2;3;2;5;4;4;3;2;2;2;2;2;2;4;1;4;4;3;1;3;4;3;3;2;3;2;4;1;2;4;4;4;5;4;3;2;3;4;5;2;4;3;3;4;4;2;4;3;3;3;4;4;4;3;3
44;1;4;2;4;5;3;2;3;2;3;3;4;3;3;4;4;3;4;4;4;4;3;4;2;3;3;3;2;4;5;3;2;4;3;3;3;4;4;4;4;4;3;3;4;4;3;3;4;4;4;4;4;3;3;3;3;4;5;3;4;4
45;0;5;2;2;5;4;3;1;3;5;5;2;4;5;2;3;4;4;5;4;3;5;3;3;4;5;4;2;4;5;5;2;3;2;4;5;3;4;4;4;4;5;3;4;5;3;4;2;4;5;4;4;2;3;4;3;3;2;2;4;1
46;1;2;4;1;4;4;5;5;4;5;4;3;3;3;3;5;5;5;5;2;1;4;4;2;5;5;3;4;5;5;4;5;2;4;4;3;3;5;5;3;3;1;3;5;2;3;5;3;1;5;2;3;3;2;5;4;5;4;4;4;1
47;0;5;3;4;3;4;3;3;4;5;5;4;3;5;3;4;4;2;3;4;2;4;5;5;1;5;4;4;4;2;3;3;5;1;4;5;5;1;4;4;2;3;3;3;3;3;4;3;5;2;5;4;1;3;5;5;2;3;3;4;3
48;1;3;4;4;5;3;4;1;4;5;5;4;4;5;2;5;4;2;3;4;3;5;5;5;3;5;4;5;4;5;4;4;4;5;5;5;3;2;5;3;2;4;4;3;3;4;3;4;4;1;5;4;4;3;5;4;3;4;4;1;3
49;1;5;1;5;1;4;2;4;4;4;4;5;4;4;5;3;3;2;4;2;2;5;1;4;3;4;5;3;4;1;5;2;4;3;4;3;2;4;5;5;4;4;5;1;2;2;3;2;2;2;2;2;2;3;5;3;4;2;2;5;2
50;0;4;1;4;4;5;3;4;4;5;4;5;3;4;4;5;5;4;4;5;2;3;2;2;5;4;4;5;5;5;5;3;2;4;4;4;4;5;5;4;4;3;2;4;2;2;5;2;1;2;4;4;1;2;4;5;4;3;3;5;2
51;1;4;5;3;2;3;5;2;4;5;5;3;4;4;2;3;4;1;4;4;2;3;2;5;1;3;3;4;3;2;4;3;4;1;1;4;4;4;5;3;4;3;4;1;4;2;2;3;2;5;3;3;3;2;4;4;3;1;4;2;2
52;1;3;4;3;3;4;3;1;3;5;4;4;4;4;3;4;4;1;3;4;3;4;4;4;2;3;4;4;5;5;5;2;3;2;3;2;4;4;5;3;4;3;5;4;5;2;4;3;4;3;3;3;3;5;3;4;4;4;2;4;4
53;0;4;2;4;2;3;2;5;4;4;4;4;4;4;2;4;4;4;4;4;3;3;2;2;4;4;4;4;4;2;5;2;2;4;3;4;4;4;3;5;4;3;2;3;3;2;4;4;3;4;2;3;2;2;4;3;4;4;2;2;3
54;1;2;2;4;2;2;3;2;1;1;1;1;1;1;1;1;1;4;4;4;4;4;4;4;4;2;2;2;2;1;4;2;2;5;2;4;4;4;4;5;3;4;1;4;5;5;5;4;2;5;5;5;5;3;2;2;2;2;1;2;4
55;0;3;3;1;3;4;3;4;3;2;4;3;2;4;5;2;5;1;3;3;2;4;2;1;4;3;2;4;1;3;2;1;1;3;4;5;3;5;5;1;1;3;1;2;3;2;1;3;1;3;3;3;4;1;4;3;1;3;2;5;1
56;0;4;5;2;5;4;5;3;4;5;5;4;4;5;5;5;4;3;5;4;1;5;4;2;3;3;5;5;3;5;5;2;4;3;4;4;5;4;2;3;4;2;4;4;4;4;5;4;4;5;5;4;4;2;4;4;4;4;4;5;2
57;1;1;2;2;5;4;3;4;2;4;3;4;3;4;2;4;4;2;2;2;2;3;4;2;5;3;3;2;4;5;4;1;3;2;4;3;4;5;3;2;3;2;4;4;2;1;2;2;4;4;5;5;3;3;4;3;4;5;2;2;3
58;1;4;2;5;4;3;1;4;4;3;4;2;2;4;4;3;4;3;2;2;2;3;3;2;2;5;3;2;4;3;3;2;3;1;2;5;3;5;5;3;4;2;3;4;5;2;2;2;4;5;4;3;2;3;3;2;5;3;2;4;5
59;0;2;4;2;5;4;4;3;4;5;5;2;1;3;3;2;4;4;2;2;3;4;2;1;4;2;4;4;3;5;3;4;1;3;3;2;3;5;3;2;4;3;3;4;4;3;2;4;1;4;2;4;2;2;3;3;4;4;4;3;2
60;1;5;2;5;2;4;3;4;3;5;4;5;5;4;4;4;4;3;5;4;3;5;2;4;3;3;3;3;5;2;3;3;4;4;3;4;4;4;3;3;3;2;4;4;4;2;2;3;3;4;3;4;3;3;4;3;3;2;3;5;2
61;0;3;4;4;5;3;5;2;2;5;4;5;4;2;2;4;4;2;4;5;4;3;4;4;4;4;2;4;3;2;5;2;4;2;5;3;4;4;4;5;2;3;4;4;3;3;3;4;4;5;4;4;4;3;4;4;4;2;4;4;2
62;1;5;4;4;2;4;2;4;2;2;4;2;4;2;5;2;4;3;2;2;2;4;2;3;4;5;3;4;2;5;3;3;4;5;4;4;2;4;5;2;4;2;2;1;5;1;5;4;2;2;2;1;4;2;4;2;2;2;2;2;2
63;0;4;2;2;1;3;4;2;1;4;4;5;3;3;4;2;4;2;1;4;2;3;4;4;3;2;2;2;3;1;4;1;4;3;2;2;4;4;4;3;4;2;3;4;4;2;5;4;4;2;4;4;4;2;4;2;5;2;3;2;2
64;0;3;4;4;2;4;3;2;2;4;4;4;3;4;2;2;3;2;4;4;3;4;4;5;4;4;2;4;4;5;4;2;4;2;4;4;3;4;2;5;3;3;4;4;2;2;4;4;4;4;4;3;3;2;3;3;5;4;4;4;4
65;0;1;3;1;2;4;4;1;4;3;4;4;1;4;2;2;2;1;5;5;3;5;2;2;5;1;5;4;1;5;2;3;1;1;5;2;3;3;3;3;1;4;2;4;1;1;2;2;1;2;4;4;2;1;3;3;1;2;3;1;1
66;1;5;3;5;4;1;3;3;2;3;4;4;5;2;4;5;4;3;4;5;5;3;1;5;3;4;2;4;4;2;4;3;4;4;3;5;5;3;5;2;4;3;4;3;3;3;3;3;3;5;4;5;3;5;3;3;4;5;3;3;3
67;0;2;4;4;4;4;4;4;4;4;5;3;3;2;2;4;3;4;3;4;4;4;4;4;4;2;4;4;4;5;4;1;4;4;2;4;4;4;1;4;4;3;4;4;1;2;4;4;4;5;4;4;4;3;4;4;4;2;2;2;3
68;1;3;4;5;5;2;2;2;4;4;4;4;4;5;2;4;2;2;3;4;4;5;2;3;3;2;2;5;4;5;4;2;3;4;5;4;4;5;2;2;2;2;3;3;3;3;4;4;4;5;4;3;2;2;3;2;4;2;2;4;3
69;0;3;2;4;4;5;2;5;4;4;4;5;4;3;5;4;2;2;4;5;4;5;3;5;2;5;3;4;4;2;5;4;5;2;2;4;5;5;1;5;3;4;5;4;3;3;3;4;4;5;5;4;2;1;3;5;4;4;4;3;4
70;0;3;3;1;1;3;2;3;1;3;2;2;2;1;1;1;2;1;1;1;2;1;1;1;3;1;1;1;3;1;4;5;3;4;4;5;4;4;2;4;5;1;3;2;2;5;5;4;3;2;4;4;5;4;4;3;5;3;5;5;3
71;0;4;1;3;1;5;3;4;4;4;4;4;4;2;3;4;4;2;2;5;3;3;3;4;2;2;4;1;5;4;5;1;4;2;3;5;5;5;4;5;4;3;4;5;5;3;4;5;5;2;5;5;4;3;5;3;5;5;2;3;3
72;1;5;3;2;5;2;2;2;3;5;5;2;5;2;4;2;3;1;5;4;3;2;4;5;4;5;1;2;5;4;2;2;5;1;1;5;5;4;5;5;4;2;5;4;4;2;4;4;2;2;3;2;4;4;4;3;4;1;3;2;2
73;1;1;1;1;1;1;5;5;5;5;1;1;1;1;1;1;1;5;1;1;5;5;5;1;5;1;1;5;5;1;1;5;1;5;1;5;1;4;5;1;1;1;4;5;5;5;1;5;1;1;1;1;5;1;5;1;5;1;5;1;1
74;0;2;4;4;2;2;1;2;4;2;5;4;4;2;4;4;4;4;2;4;4;3;3;4;4;3;3;3;4;4;3;1;4;3;3;3;4;5;4;4;3;2;5;4;2;2;2;4;2;4;4;4;3;2;4;2;5;3;3;4;2
75;0;3;3;4;5;5;2;4;4;5;5;4;3;3;2;3;5;5;4;4;3;5;5;3;4;2;3;4;4;5;4;1;4;4;3;2;4;1;5;2;5;4;4;5;5;2;4;4;3;1;3;4;2;3;4;3;4;3;3;4;3
76;1;4;4;5;2;4;2;5;3;4;3;2;4;5;2;2;5;3;3;3;4;2;5;4;3;5;3;4;5;2;3;1;3;4;3;4;2;4;5;5;4;3;5;5;2;2;2;4;4;4;3;4;2;4;5;2;4;3;2;4;4
77;0;5;4;2;4;4;4;4;4;4;4;4;2;2;3;4;5;5;2;4;1;5;2;3;4;5;4;3;2;5;4;1;3;5;3;4;3;4;5;2;5;2;2;3;4;2;4;4;2;2;3;3;1;2;4;4;5;4;2;4;1
78;1;4;5;5;2;5;5;5;4;5;2;5;4;4;2;5;4;5;3;4;4;4;2;3;4;3;4;5;5;2;4;2;4;2;4;3;4;5;4;5;5;3;4;4;2;1;4;4;3;3;4;5;3;5;4;4;5;4;2;2;4
79;1;4;4;3;1;4;2;2;3;3;4;2;3;2;3;2;4;1;2;4;4;4;3;4;3;4;4;4;4;2;3;1;3;2;1;4;3;3;4;4;3;2;3;3;3;2;3;4;3;2;4;3;2;3;4;3;5;2;3;2;4
80;0;2;5;5;3;3;2;2;5;4;5;5;5;5;4;5;3;2;4;3;3;5;4;5;2;5;3;2;3;4;2;5;5;1;4;4;4;2;4;1;1;5;3;2;1;4;1;3;4;4;4;3;2;4;5;3;2;1;3;5;4
81;0;2;2;5;4;5;1;4;4;2;5;4;4;3;3;3;4;2;2;4;4;4;4;2;4;3;4;4;4;3;3;3;4;3;2;3;5;5;5;4;4;2;3;4;1;4;2;4;4;5;4;5;2;3;4;3;4;5;2;4;4
82;0;4;4;4;3;4;2;4;4;4;4;3;3;2;4;4;4;3;4;4;4;3;4;3;3;4;2;3;4;3;4;3;3;2;1;4;3;4;4;3;3;2;3;4;3;3;3;3;3;3;4;4;4;2;5;3;2;3;3;2;2
83;1;5;5;3;3;3;3;3;3;3;3;3;3;3;3;3;3;3;3;3;3;3;3;3;3;3;3;3;3;3;5;2;4;3;4;2;5;3;3;3;3;3;3;3;3;3;3;3;3;3;3;3;3;3;3;3;3;3;3;3;3
84;0;5;2;3;3;2;4;4;5;5;4;3;4;4;5;4;3;2;4;5;2;3;5;5;2;5;4;5;2;4;3;4;3;1;2;5;4;2;5;1;3;3;3;1;5;2;1;2;1;3;5;4;2;2;5;4;2;5;2;3;2
85;1;3;2;3;3;4;2;2;2;4;5;4;3;4;4;3;4;2;3;3;2;3;3;3;3;3;3;3;3;3;5;3;4;3;4;4;5;4;3;4;3;4;4;4;3;4;2;2;4;4;4;4;4;3;3;5;3;3;3;4;3
86;0;2;2;4;4;2;4;4;5;5;5;2;2;2;1;4;5;2;5;3;4;5;1;2;4;2;4;3;5;4;2;2;4;4;2;4;3;5;2;5;5;2;5;5;4;4;5;4;5;5;2;4;4;4;4;4;4;2;2;2;2
87;1;3;4;4;2;4;4;3;3;4;3;3;3;3;4;3;3;3;3;3;3;3;3;2;4;3;3;2;2;3;4;3;3;2;3;1;2;3;2;2;3;3;3;3;4;3;3;3;3;2;3;3;3;3;3;3;3;3;3;4;3
88;0;5;3;4;3;5;3;4;5;4;3;5;3;4;4;4;3;2;3;1;3;4;3;5;3;3;4;4;3;4;4;5;4;1;3;4;4;3;3;3;1;3;3;3;3;3;3;4;3;4;3;4;2;3;3;3;4;3;3;4;3
89;0;2;5;4;4;4;4;5;4;5;4;4;5;5;4;4;4;3;3;4;4;4;1;4;3;4;3;4;5;4;5;4;4;2;4;2;3;2;5;4;4;3;4;3;2;3;3;4;4;4;4;4;2;4;4;4;4;2;3;4;3
90;1;2;4;2;5;2;4;5;3;4;4;2;2;5;5;2;4;2;5;5;2;4;2;5;4;5;5;3;4;5;4;4;5;3;4;4;2;4;1;2;4;4;4;2;1;2;3;4;2;4;2;4;4;1;4;3;4;3;4;4;1
91;1;2;3;4;3;4;2;2;3;5;2;3;3;4;4;4;2;3;3;4;3;3;4;2;3;2;2;4;2;3;2;4;4;4;4;2;2;4;4;3;3;2;4;4;2;2;3;3;3;2;4;2;4;3;2;2;2;4;5;4;4
92;0;3;5;2;4;5;4;5;2;5;3;4;3;5;3;3;2;2;4;5;3;2;3;2;3;1;4;2;3;5;3;4;4;3;2;3;3;1;4;4;3;2;5;4;4;4;2;4;4;4;2;4;2;3;3;2;3;2;5;4;2
93;0;5;4;3;4;2;3;4;2;5;5;3;5;4;5;4;5;2;2;4;4;5;4;5;2;5;4;4;5;5;5;3;5;2;2;5;3;3;5;5;5;2;5;3;5;3;2;4;4;2;5;2;2;2;4;2;4;2;2;4;3
94;0;5;3;4;2;4;3;3;2;4;5;2;3;3;2;3;4;4;5;3;4;4;5;4;4;3;2;4;4;2;2;3;3;1;3;3;3;4;4;3;5;2;4;4;4;3;2;2;4;3;5;4;4;3;4;3;4;2;2;4;3
95;1;4;4;4;4;5;2;3;4;4;4;2;4;2;2;4;5;3;4;5;4;4;5;4;5;3;4;2;5;4;4;2;4;4;2;3;4;5;4;3;4;2;4;2;4;2;5;3;2;4;3;3;2;4;4;2;5;5;4;2;2
96;0;4;4;4;3;4;4;3;4;5;5;3;3;4;2;3;4;3;3;3;2;4;4;5;4;4;3;5;5;3;3;2;4;5;2;4;3;4;4;4;4;2;4;5;4;3;4;4;3;3;4;2;3;3;4;2;4;2;4;3;3
97;1;1;4;2;5;2;2;3;1;5;4;5;2;3;2;4;4;2;2;2;3;4;2;1;2;1;2;5;4;4;3;2;3;2;3;1;3;2;3;2;3;2;5;4;1;2;4;3;1;2;5;3;5;4;3;4;5;3;3;4;3
98;0;5;3;4;5;2;2;3;2;3;4;2;3;5;5;2;5;3;3;3;5;5;5;5;5;4;2;2;5;5;4;2;5;4;5;5;3;4;3;4;3;2;4;3;5;4;4;4;4;5;4;4;1;2;3;1;4;3;4;1;4
99;1;4;4;2;2;4;2;2;4;5;4;4;3;4;4;4;4;4;4;4;2;4;2;5;3;4;4;4;5;2;4;2;4;2;4;1;5;2;5;3;2;3;4;5;5;2;5;4;4;2;4;4;2;4;3;5;4;3;4;4;2
100;0;4;2;2;4;4;1;1;3;4;3;4;3;4;5;4;4;4;3;3;4;4;4;4;4;5;4;2;5;5;5;2;4;2;2;4;5;4;4;4;4;2;4;5;2;2;4;5;4;5;4;4;2;3;4;2;2;5;2;4;2
101;1;2;2;4;2;4;4;4;4;4;4;2;3;4;3;2;4;4;5;4;3;3;2;4;3;4;4;4;4;2;4;2;2;3;2;4;4;4;4;3;4;3;3;4;3;2;4;2;3;2;2;4;2;2;4;3;4;5;2;4;3
102;0;3;2;3;5;3;4;2;3;4;5;5;4;4;4;2;4;4;2;4;3;4;1;4;5;3;3;4;4;5;2;2;3;2;1;3;3;4;1;4;4;3;4;4;2;3;5;4;2;5;3;4;4;3;2;4;5;4;3;5;2
103;1;1;5;3;2;4;5;4;3;4;4;4;3;2;2;3;4;2;3;4;2;4;5;4;3;4;3;4;4;5;3;4;4;2;4;3;4;5;1;4;2;4;4;2;1;3;4;4;2;2;2;4;3;3;4;4;2;3;4;4;2
104;0;3;3;2;2;4;2;5;5;5;4;4;5;4;4;4;4;2;4;4;3;5;5;5;4;5;2;4;5;5;3;1;4;2;2;4;4;4;4;4;3;4;5;5;2;1;3;4;3;5;4;4;4;3;4;4;5;3;2;4;3
105;0;3;4;4;2;5;4;4;4;3;5;4;4;3;4;4;5;4;4;4;4;5;4;2;5;4;3;4;5;4;4;1;2;3;3;4;5;5;5;3;3;4;3;4;2;3;4;4;2;3;3;5;4;4;3;3;4;4;4;4;4
106;1;4;3;4;1;2;1;4;4;3;2;4;3;5;3;2;4;1;5;4;4;3;3;5;2;2;3;3;5;1;2;3;4;3;4;5;3;4;4;4;2;4;4;4;1;2;2;2;2;2;5;2;1;3;4;4;3;1;1;5;2
107;1;5;2;2;1;4;2;1;2;4;5;2;4;4;5;2;4;2;2;3;3;4;5;2;2;5;3;3;2;1;2;1;3;4;4;4;3;5;5;4;4;4;1;4;5;1;2;4;1;5;5;2;2;4;4;4;5;3;4;5;2
108;1;5;4;4;2;4;4;4;4;5;2;2;4;4;4;3;5;5;5;4;4;4;4;2;4;5;3;5;5;3;4;2;4;2;3;5;5;4;5;4;5;4;3;3;4;2;1;4;3;2;3;4;4;4;4;4;5;5;3;4;4
109;0;2;2;4;3;5;2;4;4;3;3;5;4;2;2;4;5;2;2;5;3;3;2;4;5;4;4;3;5;4;5;3;4;2;2;1;4;5;2;5;4;3;2;4;4;2;4;2;2;2;4;5;4;2;4;3;5;5;3;3;2
110;1;2;3;2;1;4;2;4;3;3;4;2;2;3;3;3;4;3;4;3;4;2;3;3;3;2;3;2;2;2;3;3;3;4;3;2;4;4;3;3;3;4;3;4;4;4;3;4;2;2;4;2;4;4;3;4;3;2;4;2;2
111;0;4;4;5;5;2;5;5;4;2;5;2;4;4;4;4;4;2;3;2;2;5;4;5;4;5;2;4;5;5;2;2;4;4;2;5;4;4;4;5;2;3;5;4;5;4;4;2;4;5;4;2;4;2;4;2;4;1;2;2;3
112;0;3;2;5;3;4;3;3;2;1;3;3;5;2;5;4;2;2;1;3;4;2;4;5;2;5;2;4;2;2;3;2;5;1;2;5;4;1;5;4;4;1;5;1;2;3;2;4;4;2;4;4;2;4;5;1;5;4;2;2;3
113;1;4;2;1;4;4;4;5;4;4;5;5;3;4;3;5;5;4;3;3;3;5;1;1;5;5;5;4;5;5;4;5;4;4;2;4;4;5;4;2;5;2;3;5;2;1;5;5;2;2;5;3;1;1;4;3;5;5;3;2;2
114;1;2;4;3;4;4;2;2;2;5;4;4;4;3;4;5;2;2;5;4;4;5;2;4;2;3;4;5;2;5;4;4;4;2;4;3;4;4;2;3;2;3;4;4;3;2;3;4;3;4;3;3;2;3;4;4;2;3;2;4;1
115;0;4;4;2;5;4;4;1;4;5;2;5;3;5;2;3;5;4;4;5;2;2;4;4;4;5;2;4;5;4;5;4;4;2;5;3;4;5;2;5;4;4;4;5;2;1;4;4;2;3;5;5;4;2;4;4;5;4;4;4;2
116;0;3;1;4;2;3;5;1;4;4;4;3;2;2;2;5;3;2;4;4;3;4;2;4;2;2;4;3;3;3;2;4;2;4;3;4;2;2;1;4;4;2;4;2;4;3;2;4;2;4;2;5;5;3;5;4;4;1;5;2;2
117;0;3;3;4;5;4;2;3;4;4;4;4;4;4;4;4;3;2;4;4;3;3;3;3;3;2;4;3;4;5;4;3;4;3;4;4;3;3;4;4;3;2;3;3;3;2;3;2;4;4;4;4;2;3;3;3;4;4;2;4;4
118;1;1;4;3;2;3;4;4;4;5;4;3;4;4;5;1;4;1;2;3;2;3;2;3;3;5;5;5;1;1;1;2;3;3;3;4;3;3;3;1;1;2;2;1;3;2;2;1;1;1;1;1;5;1;4;3;3;3;4;2;1
119;1;3;3;3;3;3;3;3;3;3;3;3;3;3;3;3;3;3;3;3;3;3;3;3;3;3;3;3;3;3;3;3;3;3;3;3;3;3;3;3;3;3;3;3;3;3;3;3;3;3;3;3;3;3;3;3;3;3;3;3;3
120;0;2;4;4;5;5;2;4;4;5;5;3;3;4;4;5;3;2;3;5;1;4;1;5;3;3;4;1;4;4;4;3;3;2;3;4;3;4;2;3;2;4;4;5;2;3;2;4;3;3;4;4;2;3;4;4;3;4;3;3;4
121;0;4;5;5;5;5;3;3;3;5;4;5;4;3;4;5;4;4;2;3;3;4;5;3;2;5;4;4;5;5;5;2;4;3;5;3;4;5;5;5;5;4;4;5;2;2;2;2;4;5;5;4;3;5;4;3;5;5;3;3;4
122;0;2;4;4;5;4;5;2;4;5;5;4;2;5;1;4;5;3;5;4;1;5;1;1;3;3;3;4;2;5;5;4;1;4;4;3;4;3;4;3;5;4;1;2;5;2;1;4;3;5;2;4;1;2;4;5;3;4;3;5;3
123;0;3;2;3;5;4;2;3;4;4;4;4;4;4;3;4;2;2;3;5;4;4;3;5;3;4;5;4;2;4;4;3;4;2;2;3;4;1;2;5;2;3;4;5;2;4;1;2;3;4;4;4;2;3;3;4;3;5;3;4;2
124;1;2;4;4;3;5;4;5;3;4;2;4;3;4;2;4;2;2;1;4;4;2;2;4;1;5;4;4;4;4;4;5;4;2;4;3;5;4;4;3;3;2;5;4;2;5;1;3;3;4;4;5;5;3;4;5;3;2;4;2;3
125;1;4;2;5;1;4;2;4;2;4;4;4;3;2;3;4;4;3;1;4;4;4;2;2;3;4;4;4;4;1;4;1;4;2;2;4;4;5;5;3;4;3;4;4;4;2;5;4;4;3;4;4;2;4;4;4;4;4;2;4;4
126;0;5;4;4;2;3;4;4;3;5;3;2;4;1;5;2;3;1;1;3;4;3;2;2;3;5;1;2;3;1;2;4;4;1;1;3;3;3;5;3;2;2;3;3;5;1;3;3;4;1;4;3;3;4;5;4;3;3;2;2;3
127;1;3;3;3;3;3;3;3;3;4;3;1;1;2;2;3;2;2;3;4;2;3;4;2;3;4;4;3;3;3;3;3;3;3;3;3;3;3;3;3;3;3;2;2;4;5;4;2;2;5;4;4;4;5;2;3;4;3;4;3;3
128;0;3;5;1;4;5;5;2;5;5;4;5;3;3;3;5;4;2;4;5;4;3;4;5;4;5;5;5;4;4;5;3;5;1;2;2;5;4;4;2;2;3;4;4;2;2;2;3;1;3;5;5;4;2;3;3;4;4;4;3;1
129;0;2;4;4;5;4;5;1;4;5;5;4;4;5;4;5;5;4;5;5;3;5;3;5;2;4;4;4;3;5;4;4;4;3;5;4;2;4;1;2;4;3;3;2;5;4;2;4;3;5;3;2;3;1;3;3;2;3;4;5;4
130;1;2;5;5;2;5;3;5;5;5;5;2;2;5;3;2;5;4;4;4;3;4;4;2;4;5;2;4;4;2;4;2;2;1;5;5;2;4;4;3;4;4;2;2;3;2;1;4;4;2;4;4;1;2;4;3;3;3;2;2;4
131;0;2;3;4;3;4;5;5;5;5;5;5;3;3;4;5;4;2;4;4;4;3;2;5;2;5;4;4;3;5;4;2;4;2;2;4;4;4;3;4;3;2;4;2;2;2;2;3;2;5;4;4;2;4;5;2;2;3;2;4;2
132;0;4;4;3;1;5;1;5;2;1;5;2;1;5;5;5;5;5;4;2;4;2;5;1;5;3;4;1;4;4;3;1;1;3;2;5;3;5;5;4;5;1;2;4;1;1;4;5;2;4;5;4;2;1;5;2;5;3;2;2;1
133;0;1;2;5;3;3;4;4;3;3;3;5;5;4;3;4;4;2;3;5;4;3;2;5;4;5;5;4;5;5;5;3;4;1;5;3;5;4;1;5;3;1;5;4;3;2;2;4;5;4;2;4;4;3;3;5;4;1;3;4;1
134;1;4;3;4;4;2;3;4;2;4;4;2;4;2;4;4;4;2;4;2;4;4;4;2;4;5;4;5;5;2;4;1;4;2;2;4;2;4;5;4;2;2;4;4;4;1;4;4;2;4;2;2;4;2;4;2;5;1;4;2;2
135;0;3;4;4;5;4;2;4;5;5;4;2;2;4;4;5;4;2;5;4;2;4;2;2;2;4;4;4;4;5;2;4;3;2;4;4;5;4;2;2;2;5;2;4;4;4;2;4;1;5;3;5;3;1;4;4;4;4;4;4;2
136;0;4;4;5;4;3;2;2;5;5;4;3;5;3;5;5;3;1;5;4;3;4;2;5;3;4;4;3;5;4;3;4;5;4;4;5;4;4;2;3;4;4;4;5;4;4;4;4;5;4;3;4;1;3;4;5;4;4;4;4;4
137;0;4;3;3;2;4;3;4;3;5;3;5;3;4;3;3;4;4;4;4;2;2;5;5;4;4;4;3;4;2;5;2;4;3;1;3;4;5;5;3;4;3;4;3;5;2;5;3;3;4;4;4;2;2;4;4;5;4;2;2;2
138;1;2;5;5;5;2;3;2;2;2;3;3;2;3;2;3;3;2;3;3;3;3;3;3;3;5;3;5;2;3;3;3;4;2;3;4;3;5;4;4;3;3;4;4;4;3;3;3;3;4;3;3;3;3;2;3;4;3;4;4;1
139;1;4;2;2;2;5;2;2;3;4;4;4;2;4;5;2;4;3;5;5;2;5;3;3;3;4;3;5;3;1;4;1;4;2;2;3;2;4;4;1;4;3;4;2;1;1;4;4;4;4;4;4;2;1;4;2;4;3;3;5;3
140;0;2;3;4;2;5;2;2;4;4;4;4;2;4;4;2;4;4;5;5;2;5;2;3;4;4;3;4;2;2;4;2;4;2;4;3;2;4;4;1;4;3;4;2;1;1;4;4;4;3;4;4;2;1;4;2;4;3;2;4;4
141;1;3;3;4;5;5;5;3;3;5;5;3;2;5;4;5;5;3;3;3;3;5;2;3;5;5;1;3;5;5;1;3;3;4;3;3;4;2;3;3;3;3;3;5;5;3;4;4;5;1;3;5;4;3;3;3;5;4;3;2;1
142;0;4;1;2;4;5;3;4;3;2;4;2;3;5;5;1;4;3;4;5;1;5;3;3;4;5;3;5;5;4;4;2;3;4;5;4;4;2;3;3;2;5;2;4;3;1;4;2;1;5;4;5;1;1;3;2;4;4;1;4;1
143;1;3;4;4;4;4;3;3;4;4;5;4;3;4;3;5;3;4;3;4;3;5;3;3;5;3;3;5;4;4;2;3;4;2;2;4;4;4;4;4;4;2;3;4;3;3;3;3;4;4;4;4;3;3;3;3;4;2;3;4;2
144;0;3;4;4;4;5;4;2;4;4;5;5;4;2;3;2;5;2;3;4;2;4;1;5;4;1;2;4;4;5;4;2;4;1;1;3;4;2;3;5;4;3;4;3;4;2;3;4;4;4;2;4;3;4;4;4;4;4;3;2;3
145;0;3;3;4;1;5;2;4;4;3;4;1;1;4;5;1;3;3;1;3;3;4;3;2;3;4;3;3;4;2;3;2;3;2;3;4;2;4;4;2;4;2;2;3;3;2;3;3;2;3;3;4;3;2;5;3;3;4;3;4;2
146;0;1;3;5;3;2;4;2;4;4;4;5;3;4;2;5;3;3;2;4;3;4;1;2;4;4;4;5;2;3;5;2;3;1;2;4;5;3;3;5;2;4;2;4;1;2;1;3;4;3;3;4;4;2;4;2;3;4;2;4;4
147;1;3;4;5;4;4;4;2;2;5;3;3;2;4;4;4;4;5;2;4;3;5;4;3;3;3;3;4;5;4;4;2;3;2;4;2;2;4;4;4;4;3;4;5;4;3;3;4;5;3;4;4;1;3;4;4;5;2;3;5;4
148;1;3;5;2;3;2;4;3;1;1;4;5;3;3;2;3;2;1;4;4;3;2;2;4;5;2;2;4;2;2;3;4;1;4;4;2;4;1;2;3;2;3;2;3;4;4;3;4;2;4;4;2;3;3;4;3;2;3;4;3;3
149;0;2;5;5;5;3;5;3;1;5;5;5;5;5;2;5;2;1;5;5;5;2;1;5;2;5;1;5;5;5;5;5;4;3;3;4;5;1;3;5;3;4;5;5;1;5;3;1;5;5;5;5;4;5;5;5;5;4;4;5;4
150;1;5;4;3;5;5;4;3;4;5;3;1;4;5;5;3;4;4;4;4;3;4;5;3;3;5;2;4;5;4;3;4;4;2;5;5;3;5;5;5;4;4;4;4;5;4;2;4;3;5;4;5;2;2;4;4;4;5;4;4;2
151;1;5;5;3;5;3;3;5;3;5;5;2;3;3;3;3;3;3;3;3;3;3;1;3;3;3;3;1;5;2;2;5;5;3;3;3;5;4;5;3;3;3;5;5;4;3;3;3;4;5;5;4;3;3;5;3;5;4;3;3;4
152;0;4;1;2;2;4;1;3;2;4;4;4;3;4;3;4;5;2;4;5;4;5;2;3;4;5;3;2;2;5;3;2;2;4;2;4;3;4;5;3;1;3;3;4;3;2;2;3;3;2;4;3;3;4;4;5;3;2;3;2;1
153;1;1;2;5;4;4;1;3;4;4;4;5;4;4;2;5;4;4;2;5;4;4;5;2;3;4;5;2;4;5;5;2;4;2;4;1;4;5;1;4;4;2;3;4;1;3;1;3;4;3;3;4;2;4;4;2;5;5;2;2;4
154;1;4;1;5;2;3;2;3;2;4;3;3;2;5;4;4;5;2;3;4;4;4;3;2;3;4;3;4;4;5;4;2;1;3;2;4;3;5;4;4;5;2;2;3;2;2;3;3;3;3;2;1;3;2;3;3;3;3;1;3;2
155;0;5;1;4;5;4;1;4;4;2;1;5;4;4;4;2;5;3;5;5;3;1;1;3;2;4;4;1;2;3;5;1;3;1;1;5;2;5;2;2;5;1;3;1;2;1;5;1;1;1;1;4;1;2;3;1;2;3;1;1;1
156;0;4;3;1;3;2;5;2;2;5;4;4;3;3;3;2;4;2;5;5;2;4;4;3;2;4;2;5;3;3;4;4;3;2;5;3;4;4;5;2;2;3;3;4;2;3;4;4;1;4;5;2;2;2;5;4;3;1;4;5;1
157;0;4;3;3;4;5;3;3;4;5;4;4;2;4;3;5;5;4;3;4;2;5;4;1;3;4;3;3;3;5;4;3;3;2;4;5;5;5;4;4;3;3;3;3;5;3;3;5;2;4;3;5;3;1;3;4;3;5;3;2;2
158;1;5;2;4;5;4;2;4;2;2;5;4;3;4;4;5;2;1;2;4;3;5;4;5;1;5;3;4;4;5;1;2;4;1;2;5;4;1;4;2;2;3;4;4;4;3;1;2;2;5;5;4;1;2;5;2;4;4;2;4;4
159;0;2;3;4;2;4;4;3;4;4;4;4;3;4;4;3;4;3;3;3;3;4;2;2;3;4;3;4;4;3;4;2;3;2;3;4;4;4;4;3;2;3;3;2;3;3;4;4;4;3;4;4;2;2;4;3;4;4;3;4;3
160;1;2;5;4;2;4;4;4;1;5;5;4;4;2;4;3;3;3;2;4;3;4;2;5;4;4;3;4;2;1;3;3;3;2;1;2;2;4;4;3;3;2;3;1;1;2;2;4;3;4;4;4;2;2;4;3;3;1;3;2;2
161;0;3;5;5;1;5;2;4;5;5;5;5;5;5;4;5;3;1;1;5;4;4;1;5;2;2;4;2;5;1;5;2;5;1;2;4;4;1;2;4;4;2;5;2;5;1;1;1;3;5;2;5;3;2;2;4;4;5;5;4;2
162;1;2;5;2;3;3;4;2;5;5;3;3;2;4;2;2;4;4;5;2;2;4;2;2;4;4;2;3;4;4;5;4;4;4;4;5;2;5;2;5;4;5;3;4;2;4;4;4;4;4;2;2;3;1;4;4;5;1;4;4;2
163;0;1;5;2;5;3;2;4;5;5;4;5;2;3;5;4;4;1;5;5;1;5;5;4;1;4;4;4;3;4;5;5;4;1;2;4;4;4;2;1;1;4;2;2;1;2;5;4;2;4;4;5;4;1;4;5;2;4;5;4;1
164;0;2;1;1;1;5;2;4;3;3;3;2;3;4;3;4;5;4;3;5;2;3;2;4;4;5;3;3;4;2;4;1;4;1;5;1;3;4;4;3;5;3;5;3;2;2;3;3;4;3;3;4;2;3;4;4;4;3;4;4;1
165;0;2;4;4;4;3;3;3;4;4;4;2;4;2;2;4;4;4;2;3;4;2;2;2;5;4;4;4;5;5;2;3;2;3;2;2;5;5;4;3;5;2;5;4;4;3;3;4;4;5;3;2;3;3;4;4;5;5;4;2;4
166;1;1;1;2;2;4;2;4;4;5;1;5;2;2;4;1;5;4;4;4;1;5;4;3;3;2;2;5;5;2;4;2;3;4;4;1;5;5;4;4;2;2;3;5;2;1;2;4;1;3;5;5;4;2;5;4;5;5;2;2;1
167;0;4;2;2;2;5;2;4;5;4;4;5;2;2;3;5;4;2;2;4;1;4;4;2;5;5;4;2;4;2;4;2;3;2;4;5;4;2;4;4;1;4;4;3;5;2;2;2;2;4;5;4;2;1;5;4;4;5;2;4;1
168;1;4;3;2;4;3;5;4;2;4;2;3;1;3;3;3;4;3;3;4;1;4;3;2;3;4;3;5;3;3;2;3;4;2;3;2;4;2;4;4;2;3;3;2;2;3;3;4;2;3;3;4;2;3;4;3;1;4;2;4;3
169;0;4;4;3;4;2;2;4;2;2;4;1;3;5;4;4;1;4;4;2;2;4;3;1;4;4;3;2;5;4;4;2;4;4;2;5;4;4;4;5;5;3;2;3;4;2;4;3;3;4;2;2;3;4;4;2;5;1;2;4;3
170;0;2;4;1;5;4;1;1;2;4;5;4;3;4;3;5;4;2;5;4;2;5;4;2;3;3;3;5;4;5;4;3;2;3;4;2;2;5;4;5;2;5;2;3;1;4;2;4;1;5;4;5;4;3;4;5;3;3;4;4;1
171;1;2;4;4;4;4;1;2;2;5;3;2;3;4;3;4;2;2;2;2;4;3;4;4;3;4;2;4;4;4;4;2;3;2;2;4;4;2;4;5;5;4;4;4;4;1;2;4;3;4;4;4;4;2;4;4;4;1;4;4;4
172;1;2;4;4;5;4;4;4;4;4;5;5;3;4;4;5;4;3;4;5;2;5;2;2;4;1;3;4;4;5;5;2;3;4;3;4;4;4;1;5;4;3;4;5;1;2;4;4;3;4;2;4;4;3;4;2;4;4;4;4;4
173;0;4;4;2;5;3;4;3;3;5;5;4;3;4;3;2;2;4;3;3;1;4;5;2;2;3;4;3;2;5;3;2;2;3;4;4;2;4;2;4;3;4;2;2;4;3;4;4;3;4;2;3;2;4;4;4;2;1;3;4;1
174;1;1;1;4;5;3;2;5;5;3;5;5;2;5;4;4;1;4;5;5;1;4;5;2;3;1;4;3;5;5;4;1;3;4;2;1;3;4;2;4;4;4;2;5;4;3;2;3;2;4;2;4;2;2;5;2;5;5;1;5;2
175;1;4;4;4;2;3;4;3;4;5;2;3;4;2;2;4;4;3;2;3;4;2;5;4;2;3;2;2;3;4;4;2;3;2;4;5;3;5;4;4;2;3;4;3;2;3;4;3;3;4;4;5;4;4;2;2;3;4;3;4;4
176;0;3;4;4;1;4;3;2;3;5;5;4;4;3;1;5;3;3;4;3;4;5;4;5;4;4;3;4;4;4;4;2;4;2;4;4;5;4;5;5;3;3;5;3;1;2;3;4;3;5;4;4;4;4;4;4;3;3;2;5;2
177;1;1;3;4;4;3;2;3;3;4;4;3;3;4;2;2;4;4;4;4;2;3;1;2;4;2;3;2;4;2;2;3;3;4;2;3;4;5;2;3;5;3;4;3;2;2;2;2;3;3;3;3;2;2;3;2;5;3;2;4;4
178;0;2;2;3;2;4;2;4;5;4;4;4;4;3;2;4;5;3;2;4;4;2;3;3;4;2;4;2;4;2;5;1;2;4;2;2;3;5;4;3;2;3;3;1;1;2;4;2;2;4;4;3;2;3;2;2;4;3;2;2;3
179;1;3;3;2;2;2;3;2;3;1;3;4;4;2;2;3;2;1;3;3;3;3;2;2;5;2;2;3;3;1;4;2;4;3;4;4;3;3;2;2;5;1;3;3;4;2;4;2;3;3;3;3;3;3;3;5;2;3;5;5;3
180;0;5;2;3;4;4;5;3;2;5;5;4;4;3;2;4;4;4;2;4;4;5;4;5;4;2;4;4;5;5;4;2;5;1;3;2;4;4;4;5;4;3;4;4;4;3;4;4;4;3;4;4;4;4;4;2;5;2;4;4;4
181;1;2;3;2;3;3;4;3;3;3;2;4;3;1;1;2;5;2;2;4;2;5;2;2;3;1;1;3;4;3;4;3;2;1;2;2;4;4;2;3;4;5;3;4;2;4;3;3;2;2;3;4;5;4;2;4;5;3;4;3;2
182;0;4;3;3;2;4;3;3;2;3;3;1;3;3;4;2;3;2;5;2;3;3;3;2;1;4;1;3;4;2;4;2;3;2;4;5;4;3;4;3;3;4;2;4;5;1;2;1;4;5;3;4;3;4;3;2;4;4;2;3;3
183;0;4;2;5;4;4;3;2;3;5;5;5;4;4;4;5;3;2;2;4;4;5;3;5;2;4;3;2;5;5;4;2;5;1;2;4;5;1;4;5;4;4;5;4;2;2;4;2;4;5;4;5;2;4;4;3;3;4;1;5;4
184;1;2;4;4;4;3;4;3;3;4;5;4;3;3;2;3;3;3;4;3;3;4;5;4;3;4;3;3;5;5;4;3;4;2;5;4;4;2;5;5;4;4;3;4;2;3;3;4;4;4;4;3;3;3;5;4;3;2;4;5;3
185;0;2;5;2;1;2;1;3;2;5;4;2;1;2;2;2;5;3;1;2;4;2;1;1;5;4;2;2;5;1;3;2;4;3;3;1;2;4;4;3;2;1;4;5;1;2;2;4;3;1;4;4;4;1;4;2;4;1;3;2;3
186;1;3;4;3;3;4;3;3;2;5;2;5;2;3;4;3;3;3;5;3;3;1;2;2;3;5;3;3;5;2;4;3;3;1;4;4;5;2;5;2;5;2;5;5;2;3;4;4;2;5;5;4;4;3;5;2;4;3;4;4;2
187;1;3;2;4;5;1;4;3;3;3;3;4;3;3;2;3;4;4;3;3;3;1;3;4;3;3;3;3;3;3;1;3;5;4;3;2;3;3;3;2;3;2;2;3;2;4;1;2;5;3;4;2;3;2;4;2;4;5;1;5;4
188;0;4;3;3;5;2;4;1;3;5;5;4;4;5;3;4;4;2;5;4;4;4;4;4;3;3;4;5;5;5;5;2;4;2;5;4;4;2;3;3;5;4;4;4;3;2;2;4;4;5;5;4;2;2;4;3;5;3;4;5;3
189;0;4;2;2;4;5;1;2;4;4;5;1;1;5;3;3;4;3;4;4;1;5;5;1;5;4;4;2;3;4;2;2;3;1;4;3;2;5;5;1;2;5;2;4;4;2;2;4;1;4;5;4;2;1;5;5;3;3;3;5;1
190;1;4;3;5;5;5;3;4;3;4;5;4;5;5;5;5;2;2;5;4;5;5;2;5;3;3;3;3;5;2;4;2;5;1;3;2;4;1;5;5;3;5;5;5;3;4;1;3;4;5;5;4;2;3;5;3;1;3;3;1;4
191;0;4;2;5;1;3;2;4;4;4;3;5;4;3;2;2;4;3;1;4;4;2;1;5;4;2;2;1;4;2;4;1;4;2;2;2;3;2;4;5;2;2;4;3;2;2;2;4;4;2;5;4;2;4;3;2;3;5;2;2;4
192;1;4;2;5;3;5;2;4;3;3;4;5;4;2;3;5;4;4;2;5;3;4;3;3;4;3;3;4;5;5;4;3;3;3;3;4;3;4;2;3;4;2;2;4;1;2;4;3;5;3;4;4;4;2;3;3;4;5;5;4;4
193;0;2;4;3;1;3;4;2;4;3;2;4;4;2;2;2;3;2;2;5;4;4;1;5;3;1;4;4;2;2;4;3;4;2;2;4;4;3;1;2;2;1;3;2;4;4;2;3;3;3;2;4;3;3;3;4;2;3;4;2;3
194;0;2;3;4;2;4;3;3;4;2;4;2;2;4;4;4;4;4;3;3;2;4;2;2;4;4;4;2;5;3;4;2;3;5;2;5;4;5;4;3;5;2;4;4;4;2;4;4;3;3;3;4;3;3;4;2;5;4;2;3;4
195;0;2;4;4;5;4;2;2;4;4;4;4;2;4;3;4;2;2;3;4;3;3;2;2;4;3;2;4;4;4;3;2;3;5;4;3;4;4;2;5;4;3;4;2;2;3;5;4;4;4;3;5;4;3;3;4;3;3;4;4;3
196;1;2;2;4;3;2;2;2;1;3;2;1;5;2;2;3;2;4;1;1;3;2;3;1;4;3;4;1;1;3;5;2;4;3;4;3;5;5;1;4;4;2;5;2;3;3;4;4;4;4;4;4;2;1;1;3;4;4;3;4;3
197;0;2;5;2;3;1;5;3;2;2;1;5;2;3;2;4;1;1;1;3;3;2;1;2;2;1;3;5;2;1;4;2;1;4;1;5;4;5;4;5;3;1;2;4;1;2;5;3;5;4;4;5;5;3;5;5;5;4;2;4;5
198;0;5;3;4;3;4;2;3;4;2;4;4;4;2;3;3;5;4;3;4;3;3;1;4;3;4;3;4;3;3;4;2;2;4;2;3;4;5;5;5;4;3;4;4;3;1;3;2;4;3;4;3;3;4;3;2;4;4;4;2;3
199;1;4;2;2;1;4;4;4;3;5;3;4;4;2;4;4;4;3;4;4;2;4;2;3;4;3;3;4;4;2;5;2;4;3;3;4;4;4;4;4;4;3;3;4;3;3;4;4;3;4;3;4;3;3;4;3;4;4;4;4;4
200;1;4;5;4;4;3;4;3;4;5;5;3;5;1;1;1;2;3;3;4;4;3;2;5;3;4;2;3;5;5;3;2;4;1;1;3;2;5;5;5;4;3;4;4;1;3;4;4;4;4;3;3;4;4;2;2;4;2;2;5;3
201;0;3;5;4;3;4;1;3;3;5;4;4;1;4;3;4;5;2;4;2;3;4;1;1;2;1;1;4;5;4;4;3;3;1;5;3;3;5;4;5;4;5;4;4;2;2;3;3;4;4;3;3;2;2;3;4;4;3;3;4;2
202;0;2;4;1;5;4;4;3;4;5;4;4;3;2;3;2;5;4;4;4;2;4;3;2;4;4;3;4;4;5;3;2;2;2;3;3;2;5;5;5;4;4;4;2;2;2;3;2;2;4;4;5;3;2;4;4;5;2;5;3;2
203;1;5;3;5;1;5;3;4;2;3;4;5;3;4;1;3;1;4;2;3;2;2;1;5;3;3;3;4;4;4;5;2;5;3;3;4;5;1;3;2;4;2;4;3;1;1;2;2;5;1;4;4;2;3;4;5;3;3;2;5;5
204;1;2;2;3;3;4;2;3;3;5;3;2;2;1;1;4;4;2;2;4;3;2;1;2;4;3;3;2;3;4;3;2;4;3;1;2;4;5;2;5;4;3;4;4;2;1;4;4;3;4;4;4;4;2;3;5;3;2;4;3;3
205;0;3;2;4;3;4;2;2;4;5;3;5;3;4;3;4;4;1;3;4;2;4;4;3;2;2;4;4;4;3;5;3;3;2;2;2;5;4;5;3;4;3;5;5;5;1;5;3;4;4;4;4;3;4;3;4;4;4;2;3;4
206;1;3;2;4;4;4;2;4;5;4;4;3;3;4;4;4;1;4;4;2;4;3;2;4;2;2;4;4;4;4;4;2;4;2;4;3;4;5;2;4;4;4;4;2;2;3;2;4;2;4;3;4;4;3;4;2;3;4;4;4;3
207;0;4;3;4;3;5;1;5;4;4;2;1;3;4;4;3;5;2;3;1;2;3;4;4;2;5;3;2;3;4;2;2;4;2;2;5;3;5;4;3;4;3;4;5;4;2;2;2;2;4;5;4;1;3;5;4;5;5;2;5;4
208;1;4;3;4;2;3;2;2;2;5;4;2;3;3;5;2;4;3;3;3;4;3;2;2;4;4;3;3;5;3;3;2;4;2;3;5;3;4;4;3;4;3;3;5;5;2;3;3;4;4;4;3;4;4;4;3;4;2;2;4;3
209;0;2;4;4;2;3;4;4;3;5;4;3;1;3;2;4;4;4;5;4;4;5;2;2;4;2;3;4;4;4;3;4;3;2;5;3;2;5;1;5;4;3;4;4;1;2;3;3;3;5;2;3;2;3;4;2;4;2;3;4;2
210;0;4;2;4;4;5;4;4;5;5;4;2;3;4;3;5;4;2;5;5;2;4;4;4;4;4;3;4;4;3;3;2;4;1;4;4;3;5;5;3;3;1;4;4;4;3;4;4;2;4;5;4;1;3;5;4;4;2;3;4;3
211;1;3;3;3;3;3;3;3;3;3;3;3;3;3;3;3;3;3;3;3;3;3;3;3;3;3;3;3;3;3;3;3;3;3;3;3;3;3;3;3;3;3;3;3;3;3;3;3;3;3;3;3;3;3;3;3;3;3;3;3;3
212;0;4;4;3;4;3;4;3;4;5;3;3;2;3;3;3;5;5;2;3;3;4;4;3;5;3;3;3;5;4;4;1;3;3;3;2;3;4;4;3;4;3;2;4;5;3;5;3;2;3;4;4;3;3;4;2;4;1;3;2;2
213;1;2;4;4;5;4;3;4;4;5;4;4;4;3;3;4;4;2;2;4;4;3;4;5;3;4;4;4;4;5;4;2;4;3;3;4;4;2;2;3;4;2;5;4;2;3;4;4;4;2;4;4;3;3;4;2;4;2;3;2;4
214;0;3;3;2;5;5;1;2;4;4;5;2;2;1;4;5;4;1;1;4;1;5;1;2;4;5;3;4;4;2;2;2;2;1;2;1;5;4;2;5;2;4;4;4;3;2;4;4;2;3;2;5;5;1;5;3;1;4;3;4;4
215;0;4;4;4;1;2;2;4;5;4;4;4;4;2;4;4;4;4;2;4;2;2;4;4;3;3;4;2;3;1;4;2;4;4;2;4;3;5;5;5;4;3;4;4;4;2;3;4;4;3;4;4;2;2;4;4;5;2;4;2;4
216;0;4;4;4;5;4;4;3;4;5;3;2;3;4;2;4;4;3;5;4;2;4;2;2;5;4;2;4;5;5;4;3;2;4;5;4;3;5;5;3;3;4;3;2;3;2;4;3;3;5;4;4;3;2;5;4;4;2;4;5;2
217;1;3;3;4;4;4;2;3;3;4;4;4;4;5;3;4;3;3;4;3;3;3;3;4;3;4;2;5;2;4;2;3;4;3;4;4;5;3;4;5;4;4;4;2;1;3;2;4;3;4;4;4;3;4;4;3;4;2;2;4;3
218;0;4;3;3;1;4;3;3;3;3;2;4;3;3;5;4;3;2;3;3;3;3;5;5;2;4;3;3;1;1;3;2;3;1;2;5;4;2;4;1;2;1;3;2;4;2;2;3;3;1;4;4;2;2;4;3;3;3;2;3;3
219;0;3;3;4;2;4;2;1;3;4;4;3;3;4;2;3;3;2;4;4;3;3;5;4;3;3;3;3;3;4;2;2;4;1;4;3;4;2;4;4;2;4;3;3;4;2;2;4;2;3;5;4;3;3;3;3;4;3;3;5;2
220;1;1;4;3;1;4;2;3;4;4;3;4;4;2;3;2;4;2;2;3;2;3;2;4;3;1;3;2;5;4;5;1;4;3;2;3;3;4;2;4;3;3;4;4;1;3;2;4;3;3;3;3;2;2;2;4;5;2;2;2;2
221;0;4;3;2;2;4;1;4;1;3;4;4;1;4;4;5;5;3;5;3;3;3;4;1;4;1;1;4;4;4;3;2;2;4;1;4;4;5;5;3;5;5;2;5;2;1;5;4;5;4;4;4;4;4;5;3;5;2;3;5;2
222;0;3;3;1;5;4;4;3;4;5;4;4;2;2;2;2;5;4;4;2;3;4;1;3;5;1;1;5;5;3;5;4;2;4;2;3;4;5;4;4;5;5;4;5;4;5;4;4;3;5;3;4;4;4;4;4;5;3;3;4;2
223;1;2;4;3;4;2;2;3;4;5;3;4;3;4;2;4;5;2;4;4;2;4;4;4;4;2;4;3;4;4;4;4;3;2;4;4;4;4;4;4;3;4;3;4;1;2;4;3;3;4;4;4;2;2;4;3;4;3;3;4;2
224;0;4;2;5;3;5;2;5;2;4;5;4;4;4;5;4;2;1;4;4;2;4;5;2;2;5;1;4;2;3;4;1;5;2;1;4;3;5;5;5;3;3;2;2;4;1;5;4;2;5;4;4;1;1;5;4;5;4;4;5;2
225;1;5;5;5;5;4;5;3;3;3;3;3;3;3;3;3;3;3;3;3;3;3;3;3;3;3;3;3;3;3;1;1;1;1;1;1;1;1;2;1;3;4;3;3;3;3;3;3;3;3;3;3;3;3;3;3;3;3;3;3;3
226;0;5;3;3;3;4;2;3;4;5;3;4;4;5;2;4;3;2;3;5;3;5;4;5;2;4;4;4;3;3;4;2;4;3;3;4;3;4;2;5;2;5;4;2;4;2;3;4;2;3;4;4;4;3;3;4;4;3;4;2;2
227;1;2;1;5;3;4;4;3;3;3;5;3;3;3;1;4;2;1;4;2;4;3;3;3;4;2;4;2;4;2;4;2;4;3;2;1;4;4;4;3;4;2;2;4;4;2;4;4;2;3;5;5;1;2;4;4;5;4;2;3;4
228;0;2;4;2;5;4;4;3;4;5;4;2;1;3;3;2;4;4;2;3;3;4;4;1;4;3;3;4;3;4;2;4;1;2;4;2;3;5;3;3;4;3;3;4;4;4;2;4;2;4;2;4;4;3;3;4;3;4;4;4;2
229;1;5;4;1;4;3;4;2;3;4;5;4;3;2;2;3;4;4;2;3;2;4;4;3;4;4;2;5;4;3;3;4;4;2;3;4;2;2;5;2;2;4;4;2;5;3;2;4;3;4;2;4;3;2;2;3;3;3;4;3;3
230;1;4;4;3;5;3;5;5;3;4;3;3;4;4;2;4;3;1;5;5;1;3;5;5;3;4;2;4;5;1;4;4;1;2;3;4;2;2;2;2;1;3;1;3;1;2;4;3;2;2;1;4;4;2;3;4;3;4;3;4;3
231;0;2;3;3;4;4;2;3;4;4;4;4;4;4;4;5;4;4;4;5;3;5;4;5;4;4;4;3;4;4;5;2;4;4;4;3;3;3;4;4;4;4;4;4;2;3;5;4;2;4;4;4;2;2;4;3;4;4;4;4;2
232;0;5;4;4;5;4;4;4;2;4;5;4;4;4;4;5;2;2;2;4;3;5;4;5;2;5;3;4;4;5;2;4;4;1;4;4;4;1;4;3;2;3;5;4;4;4;2;2;2;5;5;4;2;2;4;2;4;2;2;4;2
233;1;3;3;4;3;3;2;3;1;3;3;5;3;2;3;3;3;2;4;3;3;4;3;3;2;3;2;3;3;3;5;3;4;1;3;4;4;5;3;3;5;3;5;4;3;3;3;4;5;3;4;5;4;4;4;3;5;3;4;5;4
234;0;4;5;4;5;4;4;3;4;5;4;4;4;2;4;5;5;4;2;5;4;2;4;5;5;5;4;2;5;5;5;2;4;1;4;2;5;4;5;5;5;3;3;5;5;3;4;4;2;4;2;5;2;4;5;4;4;5;4;5;2
235;1;2;4;4;5;2;1;2;2;2;4;1;2;4;1;2;5;3;2;2;4;5;1;2;3;2;2;1;5;4;2;2;3;2;5;2;2;5;1;4;5;3;2;5;1;3;4;4;2;3;3;3;2;2;4;3;4;2;3;4;2
236;0;4;4;2;2;3;2;4;1;5;4;1;2;4;4;5;4;5;1;2;4;3;1;1;4;4;4;2;2;1;2;3;1;1;4;5;2;2;4;2;4;4;2;4;5;2;4;5;2;1;4;3;4;4;4;3;2;1;5;5;2
237;1;3;4;2;2;4;1;3;4;2;4;2;4;1;4;3;4;3;2;2;3;2;4;3;4;3;5;2;4;2;2;4;3;3;2;3;4;2;3;3;2;4;2;3;3;2;3;4;2;3;4;2;1;3;2;2;3;5;2;4;3
238;1;5;4;5;2;2;3;3;4;4;3;4;3;3;4;2;4;4;4;4;4;3;5;4;4;4;4;2;4;5;5;2;5;4;3;4;4;4;5;5;5;3;4;4;4;2;5;4;4;3;5;4;2;4;4;4;5;2;2;2;2
239;0;3;2;4;5;5;3;5;2;3;4;5;3;5;5;5;4;1;5;3;4;5;3;3;2;5;5;4;4;5;5;4;4;3;5;5;5;3;5;4;3;5;5;4;5;3;3;3;3;5;3;5;5;3;3;4;3;5;5;5;2
240;0;5;2;4;3;4;2;4;2;4;4;2;3;4;2;4;3;3;2;3;4;2;2;4;2;3;3;4;4;4;4;2;4;2;4;5;4;2;5;4;3;4;5;3;4;4;3;3;4;5;5;4;2;4;5;4;4;3;3;4;4
241;0;1;4;4;3;4;1;3;5;1;4;4;2;2;2;2;4;2;4;4;2;4;4;1;2;2;4;2;4;2;4;2;2;3;2;3;2;3;2;5;1;5;4;5;3;2;2;4;2;2;3;2;2;2;3;2;4;2;4;2;2
242;1;1;4;2;2;3;4;2;4;5;4;2;4;5;2;2;4;4;2;4;3;4;2;4;2;4;3;3;5;4;1;4;4;3;4;3;2;5;3;4;5;4;5;5;1;2;4;4;3;4;2;3;4;3;4;4;5;2;4;1;2
243;1;2;3;4;3;4;2;2;4;4;4;4;2;3;3;4;5;3;3;4;2;4;3;2;3;3;4;2;4;4;4;3;3;2;4;3;3;5;2;4;2;3;3;2;2;2;3;3;3;4;3;5;2;4;4;4;4;4;2;4;4
244;0;5;3;2;1;5;2;5;2;4;2;4;2;1;2;4;5;4;5;4;1;4;3;1;2;2;1;1;5;1;4;2;4;4;2;4;5;5;4;5;2;2;2;5;1;1;2;3;4;3;4;5;1;1;4;1;5;5;2;4;1
245;0;3;2;3;3;3;2;3;4;4;3;4;3;2;3;4;5;3;4;3;3;3;4;2;4;4;3;3;4;4;4;3;4;4;3;4;4;5;4;4;4;3;4;4;2;3;4;4;3;4;4;4;4;3;3;4;4;4;4;2;4
246;0;3;4;4;1;4;2;2;3;3;2;4;3;1;4;4;5;4;3;5;1;2;2;3;3;3;4;3;3;2;5;2;4;4;3;4;2;5;2;1;5;2;2;4;4;2;2;3;1;2;2;3;3;1;5;2;3;2;3;4;2
247;1;1;1;5;4;5;3;1;2;5;4;4;4;5;2;4;3;4;4;4;5;5;1;5;1;4;4;4;4;5;2;2;4;1;4;4;5;2;2;4;5;4;5;4;2;2;2;2;4;5;3;3;1;4;2;4;3;4;2;5;4
248;0;2;1;4;3;5;2;4;4;3;5;5;3;1;3;4;5;4;1;5;4;5;4;2;5;4;3;4;5;5;2;2;3;2;1;3;4;5;4;2;5;3;4;5;4;4;2;3;2;3;4;5;4;4;3;4;5;4;5;2;2
249;0;5;2;4;5;4;3;3;4;5;4;4;5;4;3;5;4;3;5;5;2;3;2;5;2;4;4;4;4;5;4;2;4;2;3;5;4;5;5;4;4;3;4;4;5;4;4;2;4;1;3;4;4;5;5;3;5;4;2;5;3
250;1;4;4;4;2;4;4;2;4;5;4;4;4;4;3;4;4;4;2;5;4;4;4;2;4;4;2;4;4;3;4;2;2;1;3;5;4;5;4;4;4;2;4;3;2;4;3;4;4;3;5;4;4;4;4;4;5;2;3;3;3
251;1;5;2;3;2;4;4;4;3;4;5;3;2;4;4;4;4;2;3;4;3;5;3;4;4;4;3;4;4;2;3;4;2;2;2;3;4;4;4;3;2;3;4;2;2;2;3;4;3;2;2;4;2;3;4;3;4;2;3;4;3
252;0;3;2;5;3;3;1;1;3;2;3;5;4;3;2;4;5;2;2;4;2;2;1;1;3;2;4;2;2;3;5;1;2;1;4;3;3;5;1;4;5;2;4;1;1;1;4;2;4;4;4;2;4;4;4;2;2;2;2;2;3
253;0;3;2;2;3;5;4;4;5;3;4;4;2;3;2;2;2;1;2;3;5;5;3;5;1;5;2;2;3;2;4;1;5;4;2;2;4;2;5;4;2;4;3;4;1;1;4;4;2;3;3;4;3;2;5;4;2;3;2;4;2
254;1;2;4;4;5;4;3;3;4;5;4;3;3;4;3;1;3;3;3;5;2;4;3;2;2;4;3;4;3;3;3;3;2;2;4;2;3;5;2;2;3;3;2;2;2;2;2;2;3;4;3;2;4;1;3;3;5;3;3;3;2
255;0;2;4;2;1;4;4;2;3;4;4;4;3;2;3;3;5;4;2;3;2;4;2;4;4;2;3;3;4;2;4;2;4;2;2;3;3;5;2;4;4;2;4;4;4;2;4;3;2;2;4;4;4;3;3;3;5;2;4;2;3
256;1;5;5;1;1;5;4;4;3;5;4;2;4;2;5;4;4;4;2;3;2;1;2;4;5;3;4;4;5;5;4;1;4;2;5;4;1;3;5;1;4;3;4;4;5;1;4;3;3;5;4;5;4;3;2;3;3;4;5;2;3
257;1;3;1;1;5;4;4;1;4;5;5;5;1;4;4;5;5;5;5;3;5;4;2;1;2;2;5;5;4;5;5;5;2;1;3;3;3;4;3;4;4;4;4;4;5;4;4;5;2;5;4;5;5;3;3;5;3;3;5;3;1
258;0;5;2;4;5;4;4;4;3;5;5;2;4;4;5;5;4;2;5;4;4;5;4;4;2;5;3;4;2;4;4;3;2;2;4;5;3;3;4;3;2;5;3;2;5;3;2;3;3;1;5;4;2;3;4;4;3;3;2;5;4
259;0;5;2;2;1;2;4;4;4;4;5;2;2;4;5;4;4;2;2;3;2;5;3;2;4;5;5;5;4;4;2;2;4;2;2;4;4;4;4;2;2;2;4;2;3;4;3;4;3;2;4;4;4;1;4;3;2;1;1;4;1
260;0;2;4;5;1;4;4;3;4;5;4;5;3;3;4;4;5;3;1;5;3;4;1;5;2;2;4;4;4;2;5;2;2;2;2;4;4;5;4;1;4;1;4;2;4;2;4;1;4;2;2;5;2;2;3;2;4;2;2;3;2
261;1;3;2;4;3;2;2;2;3;2;3;4;3;4;2;4;4;3;2;2;3;4;3;3;3;4;3;2;4;4;4;2;4;2;5;4;4;4;3;3;3;4;3;4;5;2;3;2;4;5;3;5;2;2;5;2;4;4;2;4;3
262;0;4;2;4;3;4;2;4;4;4;5;4;3;4;1;2;3;1;3;4;3;4;2;5;3;4;4;2;2;4;3;1;4;1;1;3;3;2;3;2;3;3;3;1;4;1;2;2;2;3;2;5;1;3;4;2;3;2;2;5;2
263;0;1;2;5;1;2;1;3;2;3;1;4;4;4;4;5;3;1;2;4;5;3;1;5;1;4;2;2;2;2;3;1;4;1;2;5;4;1;2;3;2;1;5;2;4;1;1;2;4;2;3;1;2;4;3;2;1;3;2;4;5
264;1;2;2;4;3;2;2;2;4;4;2;2;4;2;2;4;3;4;3;4;3;2;2;4;3;5;4;3;4;2;3;2;4;2;3;4;4;3;4;5;4;2;4;4;4;4;2;3;4;2;3;4;3;2;4;3;4;4;2;2;3
265;0;2;4;4;2;4;2;2;2;4;4;4;4;4;4;4;4;2;2;4;3;4;2;4;3;2;2;4;4;2;5;4;4;2;3;2;4;4;2;2;3;3;4;2;2;2;4;3;3;3;4;4;2;2;4;4;4;3;3;4;3
266;0;5;2;4;4;5;1;3;4;5;4;2;4;5;2;4;4;4;5;4;2;3;2;2;4;5;2;2;5;5;4;1;4;4;4;4;4;5;4;5;4;4;4;4;3;2;5;3;4;2;4;4;4;4;5;3;5;5;2;5;4
267;0;1;4;2;3;4;2;3;4;4;4;3;4;3;3;2;3;3;4;4;3;4;4;4;3;2;4;4;4;4;4;2;4;2;3;3;3;4;3;3;3;4;3;4;2;3;2;4;4;3;4;4;3;3;4;4;2;3;3;3;2
268;0;2;4;4;5;3;3;3;2;3;4;4;4;5;3;4;2;1;4;4;3;5;1;5;2;3;3;3;4;5;4;5;5;1;1;4;3;1;1;4;1;3;5;2;2;2;2;3;3;4;3;4;2;2;4;3;4;2;3;4;2
269;1;3;4;4;3;4;2;4;3;5;4;3;4;4;5;4;4;2;4;4;3;3;4;3;3;3;3;4;5;4;4;2;3;4;3;3;5;4;3;5;5;5;3;5;4;3;3;4;3;4;5;4;4;4;4;4;5;4;3;4;2
270;0;1;3;3;5;4;2;2;3;5;3;5;4;5;1;4;3;4;5;5;2;4;4;5;2;1;4;3;3;5;5;2;4;3;4;2;4;4;1;4;4;2;4;4;1;1;3;4;4;5;4;4;3;3;2;3;4;4;2;5;2
271;0;3;4;5;5;4;4;5;4;5;4;5;5;4;5;4;2;2;3;5;4;3;4;5;2;4;3;4;3;5;5;3;5;1;4;4;4;1;3;3;1;2;5;1;3;3;2;3;3;5;3;4;2;3;4;4;3;3;3;5;3
272;1;3;2;3;4;4;3;3;3;3;3;3;4;2;4;3;4;2;3;3;3;2;3;3;2;3;2;2;2;2;4;4;4;4;3;4;4;4;3;3;3;2;4;4;2;3;2;4;3;3;4;4;4;3;3;4;3;4;3;4;3
273;1;5;3;5;1;5;3;2;4;4;3;4;5;5;5;5;3;1;2;4;3;3;2;5;4;5;5;2;1;3;4;1;5;1;3;4;5;4;5;2;4;2;5;2;5;3;4;5;4;3;3;5;2;3;3;5;1;3;3;4;4
274;1;2;3;2;2;2;2;4;1;3;3;3;3;3;3;3;3;3;3;3;3;3;3;4;3;4;3;4;3;2;4;4;5;5;2;3;3;2;4;3;3;4;4;3;4;3;3;3;4;4;4;4;4;4;4;3;3;3;3;3;2
275;0;4;3;2;5;4;2;1;2;5;5;3;4;3;2;4;3;2;3;2;2;3;2;4;2;3;2;2;3;5;4;4;4;2;5;4;4;2;5;3;2;3;4;4;5;4;3;4;4;5;4;3;4;3;4;4;4;2;4;4;2
276;0;5;2;5;2;4;2;3;4;5;5;4;5;4;4;4;2;2;4;5;4;2;1;4;3;5;3;3;4;3;4;2;3;1;2;5;4;3;4;5;3;3;5;3;5;3;1;3;3;3;5;4;1;4;4;3;3;3;3;4;4
277;1;2;2;3;2;4;2;3;3;5;4;5;3;4;4;5;5;3;5;4;2;5;3;2;2;3;3;2;4;3;4;4;4;4;2;3;4;5;4;5;2;3;2;3;3;3;4;4;3;5;3;4;3;2;4;3;3;4;2;4;3
278;0;5;1;5;5;5;1;5;4;3;5;2;1;5;5;4;4;4;5;2;5;3;2;3;2;5;2;2;2;5;1;1;3;1;4;4;3;4;4;3;4;4;2;1;3;1;2;1;4;5;3;3;2;1;4;1;5;4;1;4;3
279;1;3;4;4;3;2;3;5;3;4;5;4;5;3;4;4;3;2;3;4;4;5;3;5;2;4;3;4;5;4;3;2;4;2;3;4;4;1;4;3;4;4;4;2;2;3;1;4;4;4;4;2;4;3;3;3;3;2;3;4;3
280;0;4;3;3;5;4;3;3;4;4;3;3;3;5;3;2;4;3;3;4;3;3;3;2;4;3;3;4;5;5;5;3;2;4;4;2;3;5;3;2;3;3;4;5;3;1;5;3;3;5;3;5;3;3;3;3;5;4;2;2;3
281;1;3;4;2;4;1;3;2;2;4;5;3;2;5;2;2;2;3;3;2;4;5;5;4;3;2;2;2;4;2;4;2;3;3;4;2;3;2;4;4;4;4;4;4;1;4;3;4;4;5;4;3;3;4;4;4;3;1;4;4;3
282;0;3;4;3;3;4;4;3;4;5;3;4;4;4;4;5;3;2;1;5;4;2;3;5;3;4;5;4;5;4;4;4;4;1;3;4;4;2;4;5;2;2;4;3;5;3;4;4;3;4;4;5;2;2;2;3;4;4;2;4;2
283;0;1;4;4;5;2;2;1;1;5;4;1;5;4;1;5;5;2;5;5;3;4;2;5;2;1;1;5;4;5;5;4;4;5;5;4;4;5;4;5;5;5;5;4;4;1;5;4;4;5;5;2;4;4;4;5;5;1;5;5;4
284;1;4;2;4;2;2;4;4;3;4;2;4;4;2;4;3;3;2;2;4;2;2;2;2;2;4;2;2;2;2;5;4;4;2;2;5;5;2;4;3;4;2;4;2;4;2;4;3;4;3;3;4;3;3;4;4;4;4;4;4;4
285;1;1;3;3;3;3;3;3;3;3;3;3;5;5;3;3;3;3;3;3;3;3;3;3;3;3;3;3;3;3;5;3;3;3;3;3;3;3;3;3;3;3;3;3;3;3;5;3;3;3;3;3;3;3;3;3;3;3;3;3;3
286;1;3;2;2;4;4;3;2;2;4;3;2;2;2;2;4;2;2;4;2;2;2;2;5;2;2;2;2;2;2;4;4;4;2;4;4;4;3;2;4;4;4;4;2;4;4;4;4;4;4;4;4;4;4;4;4;4;4;3;4;4
287;0;3;2;3;5;4;2;4;2;3;3;2;3;5;4;3;3;3;4;4;2;4;4;3;3;5;4;3;4;4;3;3;4;1;3;4;3;4;4;3;4;4;4;2;4;4;2;3;2;5;4;3;2;3;4;3;3;3;3;4;3
288;0;4;4;4;2;3;4;2;4;5;4;4;4;4;4;4;2;2;5;4;2;4;5;5;3;5;4;4;3;5;4;4;5;2;3;5;4;2;5;4;2;1;4;4;5;3;4;4;4;4;2;4;2;2;5;4;3;2;3;2;2
289;0;3;3;3;5;3;2;1;3;5;4;4;3;4;1;2;3;2;5;4;3;5;3;4;3;3;4;4;4;5;5;3;3;3;4;3;4;3;2;3;3;2;4;3;4;3;3;4;3;4;3;5;4;3;4;3;4;4;4;4;1
290;1;3;4;3;4;4;4;2;4;5;4;2;3;4;5;4;3;2;3;4;3;4;3;4;2;4;4;4;4;5;5;2;4;3;5;4;4;3;3;4;2;3;3;3;4;2;2;4;3;5;3;4;2;3;3;3;3;4;3;4;3
291;1;3;4;3;5;3;5;2;3;5;3;3;3;4;1;3;4;3;2;4;3;3;2;3;2;2;2;4;4;5;4;4;5;3;3;2;4;4;4;5;4;3;4;4;2;4;3;4;4;5;3;5;3;3;4;5;4;4;4;4;2
292;0;1;3;4;2;4;1;2;4;5;5;5;3;4;3;3;2;1;3;5;3;5;4;5;1;2;3;5;2;5;4;4;4;1;3;3;3;1;1;2;1;4;4;1;1;2;1;2;3;3;5;4;1;1;3;4;3;4;3;3;3
293;1;1;2;3;2;3;2;3;1;4;2;2;4;2;2;2;4;3;2;3;2;2;4;3;2;1;2;3;2;3;4;3;3;2;3;3;4;3;2;4;5;4;3;3;3;2;5;3;3;3;4;5;5;2;3;3;4;5;2;3;3
294;1;3;3;4;3;3;2;3;2;4;2;3;2;3;3;2;4;3;4;4;4;3;2;2;4;3;3;4;3;4;4;2;3;2;3;3;4;4;4;2;2;4;4;3;3;4;4;4;4;4;3;3;4;2;3;3;4;2;3;2;2
295;0;3;3;3;5;3;2;3;4;5;3;4;4;4;4;4;3;3;3;4;3;3;3;4;2;3;3;4;4;5;3;4;4;2;3;4;4;2;3;3;3;3;4;3;3;3;3;3;3;5;3;4;3;3;3;3;4;3;4;4;3
296;0;4;4;4;4;3;4;3;3;4;3;4;4;4;4;4;3;2;2;4;3;3;3;4;3;4;3;4;4;3;4;3;4;4;4;4;3;3;3;4;3;3;3;3;3;3;4;4;4;3;4;3;3;2;4;4;3;2;3;4;3
297;1;5;1;5;1;1;1;1;1;1;1;1;1;1;1;1;1;1;1;1;1;1;1;1;1;1;1;1;1;1;5;5;5;5;5;5;5;5;5;5;5;5;5;5;5;5;5;5;5;5;5;5;5;5;5;5;5;5;5;5;5
298;1;1;5;3;2;2;2;2;2;3;3;3;2;2;2;2;3;2;3;5;4;2;2;3;3;2;2;3;3;3;4;2;4;4;4;4;4;4;4;4;3;4;4;4;3;4;4;4;3;4;4;4;4;1;3;4;2;3;3;3;3
299;0;4;3;3;3;2;2;3;3;4;2;3;3;2;3;2;2;3;4;3;4;3;2;3;3;4;3;3;4;4;4;4;3;2;3;3;3;2;4;3;3;4;4;4;4;3;4;3;4;4;3;4;4;4;3;3;3;4;2;2;3
300;0;2;4;2;4;4;4;3;2;5;2;4;3;3;4;5;3;3;3;5;4;2;2;3;4;2;3;4;3;3;3;4;4;4;4;2;4;4;3;4;3;4;3;4;3;3;4;3;3;4;3;4;3;2;3;3;5;2;4;4;3
301;0;3;4;4;5;4;4;1;3;5;5;2;4;3;4;4;3;2;4;1;3;5;3;5;2;4;2;3;4;5;4;2;4;1;3;4;3;4;3;3;4;3;3;1;4;2;2;4;4;5;4;4;3;4;5;3;1;2;3;4;3
302;1;4;1;1;1;1;2;1;1;2;4;4;4;5;4;5;4;3;3;4;2;4;4;3;4;3;3;4;5;4;5;5;5;5;5;5;5;5;5;5;5;5;3;3;1;2;2;4;4;2;2;3;3;3;2;1;3;2;3;3;3
303;0;1;3;4;5;5;2;4;5;5;5;5;4;5;2;5;4;1;5;5;3;5;1;4;1;5;3;4;4;5;4;2;4;1;5;5;3;3;1;4;3;5;5;1;1;2;1;3;4;5;2;5;4;4;5;4;4;4;3;5;3
304;0;5;5;4;2;5;5;4;2;3;5;5;4;4;5;3;4;2;3;5;2;5;5;4;3;5;3;5;4;4;3;2;5;2;4;3;3;3;4;3;2;3;4;1;4;3;3;4;4;3;2;4;4;1;5;3;4;1;3;4;3
305;0;2;3;2;5;4;3;2;3;3;4;2;2;3;4;4;2;2;5;2;2;4;3;2;3;2;3;2;3;4;2;3;2;1;2;4;3;4;2;4;2;4;2;2;1;2;4;3;2;4;1;4;3;1;4;3;2;2;3;3;2
306;0;1;4;3;2;2;4;2;1;5;3;3;3;4;1;1;2;2;5;3;2;4;3;3;2;1;2;4;3;2;5;4;4;4;4;3;2;2;2;1;4;4;4;2;2;4;4;4;3;3;4;3;4;4;3;4;4;2;4;4;2
307;1;3;2;4;4;3;3;3;3;5;3;4;4;4;4;4;3;3;3;4;3;3;3;5;2;3;3;4;4;4;4;3;4;3;3;4;4;2;3;3;2;3;4;2;3;2;2;2;3;3;4;4;4;3;3;4;2;3;2;4;3
308;1;3;2;5;2;5;5;3;4;5;3;4;5;5;5;5;5;2;2;5;3;3;1;4;4;5;4;5;5;2;4;2;4;3;4;5;4;4;5;3;4;1;4;4;4;3;2;4;4;3;5;5;1;1;5;5;4;4;3;5;3
309;1;4;2;2;5;4;2;2;4;5;5;4;2;4;5;2;4;4;2;4;2;5;4;2;4;2;4;4;5;5;4;2;2;3;2;4;2;5;5;2;4;2;2;4;2;2;4;4;2;4;4;4;2;2;4;2;4;2;2;2;1
310;0;4;4;3;5;3;4;3;4;5;4;5;4;5;4;4;3;2;4;5;4;4;4;5;2;5;3;4;4;5;4;5;4;1;2;5;5;2;2;3;4;3;4;2;4;2;4;3;3;5;4;4;2;3;4;3;4;4;4;5;2
311;0;4;2;4;3;5;2;4;4;3;3;4;3;2;3;4;5;4;3;5;2;3;2;3;5;3;5;2;3;4;5;1;3;3;2;3;4;5;3;2;4;3;3;2;3;2;5;2;2;3;3;5;1;2;4;2;3;5;3;2;4
312;1;4;3;5;1;5;5;5;4;5;1;5;2;5;5;5;2;1;2;5;5;4;5;5;1;2;2;1;5;1;1;4;5;1;2;5;5;2;5;3;1;2;5;4;1;2;1;2;4;1;5;5;1;2;4;5;1;3;1;2;5
313;0;5;1;2;4;4;2;1;1;5;3;2;4;3;2;3;4;2;2;4;3;5;3;2;4;5;2;4;4;5;2;1;4;3;5;4;4;5;5;5;2;2;2;3;2;1;2;2;2;5;4;4;4;4;5;3;5;2;4;5;2
314;1;3;2;3;3;2;4;2;4;5;5;5;5;4;4;4;2;2;3;3;5;4;3;3;3;4;3;3;3;4;5;4;5;3;2;5;5;2;5;3;3;3;5;2;3;4;2;4;4;2;5;4;1;4;5;3;4;4;2;4;4
315;1;1;3;1;5;5;2;3;3;3;4;4;3;3;4;3;4;2;3;4;3;4;3;4;3;1;3;4;4;5;4;1;4;2;4;4;4;3;2;1;2;3;4;3;2;2;2;3;3;5;4;5;4;3;4;3;3;4;4;3;2
316;0;5;2;2;5;4;2;4;3;2;4;4;3;3;4;4;4;3;3;5;3;2;5;4;5;4;3;2;4;5;5;2;3;4;4;4;4;4;4;4;4;3;2;3;5;2;4;3;4;5;4;5;3;4;4;2;5;4;2;2;3
317;1;4;3;3;5;5;2;2;4;5;5;5;4;5;5;5;3;2;4;5;3;5;4;5;2;4;3;5;4;5;5;2;5;1;5;5;3;2;1;5;2;4;5;4;4;3;2;4;3;5;3;4;2;3;5;4;3;3;2;4;1
318;0;5;2;4;5;3;2;3;4;5;3;4;3;4;2;4;2;2;4;2;2;3;2;4;2;4;3;4;3;5;4;4;4;2;5;4;4;4;3;4;3;2;3;2;4;3;2;3;4;5;4;4;2;3;4;4;3;3;2;4;2
319;0;4;3;4;3;3;2;3;4;5;4;2;4;4;4;4;4;3;2;4;2;3;3;3;4;4;3;3;3;2;3;4;3;2;2;4;3;4;4;3;3;2;3;3;2;2;3;3;3;3;3;3;2;3;3;4;4;2;3;4;2
320;1;3;2;4;5;4;3;2;2;5;5;5;3;5;4;5;5;2;3;3;2;5;2;1;1;5;4;4;4;5;4;1;2;3;4;3;3;4;1;2;2;2;5;2;3;2;4;2;4;1;5;5;3;4;4;4;5;4;3;5;2
321;1;5;3;5;2;4;3;3;4;4;3;5;5;3;4;5;2;2;4;4;4;2;4;5;2;4;3;3;3;2;4;2;4;2;2;5;4;3;5;5;4;4;4;2;4;4;2;4;4;1;4;4;1;3;5;3;4;3;2;2;5
322;1;5;5;3;2;4;2;4;2;5;5;2;4;3;4;2;3;2;4;4;3;5;4;4;2;5;3;4;4;2;3;5;4;2;2;5;3;3;5;4;3;4;4;5;4;4;1;5;4;3;5;2;1;2;4;5;3;2;4;2;2
323;1;4;5;2;5;2;4;2;4;5;5;3;4;4;5;5;3;2;4;4;4;5;4;2;3;5;4;5;5;5;2;3;2;1;4;4;4;2;5;4;3;4;2;2;4;2;1;5;4;5;4;4;4;4;4;4;3;4;4;4;3
324;0;3;4;1;2;4;3;4;3;5;5;1;1;2;4;2;5;4;4;4;1;2;3;1;4;4;2;5;5;5;2;2;1;4;4;4;1;4;5;3;4;4;3;3;4;1;4;5;1;3;3;5;4;2;4;4;4;4;3;2;1
325;1;5;2;4;5;5;4;3;4;5;5;5;5;5;5;5;3;1;5;5;5;5;2;5;1;3;2;2;3;5;4;4;5;1;2;5;2;2;5;3;2;5;5;1;2;2;1;4;4;4;2;4;3;1;5;4;4;1;2;4;4
326;0;3;1;5;1;1;1;3;1;5;5;5;4;5;3;4;4;2;1;2;3;4;4;3;3;4;3;4;5;1;5;1;4;4;3;5;5;5;1;2;5;5;5;4;1;3;4;5;5;3;3;5;2;3;3;4;4;4;3;2;4
327;0;4;3;3;2;5;2;2;4;4;3;3;2;4;4;3;5;3;4;4;1;5;5;1;3;3;3;2;4;5;4;1;2;4;4;3;3;5;5;3;4;3;3;4;2;2;4;2;3;4;5;5;2;2;3;1;5;4;3;5;2
328;0;4;2;3;4;5;3;2;4;4;4;4;2;4;4;4;5;3;4;4;2;3;3;2;4;4;5;4;4;4;3;2;3;4;4;4;5;4;4;2;3;3;2;4;4;2;3;2;3;5;4;5;2;2;4;3;4;4;2;4;3
329;1;2;4;5;1;3;4;5;5;4;2;3;1;5;4;5;5;5;5;5;5;4;5;5;5;4;5;4;5;1;5;2;3;3;1;1;2;5;4;2;1;1;2;1;4;2;5;1;2;5;2;2;1;1;2;1;2;5;2;2;2
330;0;1;5;3;5;3;2;4;3;5;5;5;2;5;3;5;4;1;5;4;3;5;1;1;2;3;4;5;4;5;5;5;3;1;5;3;3;4;1;1;1;5;3;5;1;4;3;5;4;5;3;3;5;1;4;5;4;3;5;5;3
331;1;4;2;3;5;2;3;4;3;2;2;4;5;3;5;2;1;2;2;2;4;4;2;4;2;4;4;2;2;4;3;3;3;2;2;3;2;4;3;2;5;2;4;4;3;2;4;3;2;4;3;4;2;4;5;2;3;3;1;3;3
332;0;2;2;3;5;5;5;3;2;5;2;3;5;2;5;5;2;1;5;5;3;3;1;4;1;3;5;5;3;5;4;3;2;1;3;3;5;1;1;3;1;1;5;1;1;3;3;4;4;5;4;5;4;4;5;4;1;2;4;4;2
333;1;4;4;4;5;4;4;2;4;5;4;3;5;4;5;5;3;3;5;4;4;5;3;5;2;4;3;4;4;5;3;4;5;1;1;5;5;4;4;4;3;5;5;1;3;4;1;4;4;5;5;3;2;4;5;4;1;2;2;5;4
334;0;4;2;2;5;4;4;4;4;4;5;3;2;5;3;3;4;4;4;4;2;5;2;2;5;3;4;4;4;5;4;2;3;3;5;4;3;5;5;2;4;3;3;4;5;1;5;3;1;5;2;4;2;1;4;3;5;2;2;5;1
335;0;3;3;2;3;3;3;3;4;4;3;5;1;4;3;2;4;4;4;4;2;3;3;2;3;5;1;2;3;2;3;3;3;4;2;3;3;4;2;4;3;3;4;3;2;4;3;4;3;1;3;4;3;3;1;4;4;3;4;2;3
336;0;4;1;3;5;5;1;1;3;5;5;5;5;5;1;5;1;1;3;5;5;1;2;5;3;3;1;3;3;5;5;3;5;1;5;5;5;3;3;1;1;3;5;4;5;3;5;3;4;5;5;5;5;4;5;3;5;4;3;5;3
337;0;1;2;3;5;4;4;2;4;3;4;4;4;4;3;5;2;2;2;5;1;3;1;4;3;2;4;4;4;4;4;3;5;3;3;3;5;4;2;3;4;2;5;3;4;3;4;2;3;5;1;4;3;2;4;4;4;4;2;4;2
338;0;3;4;3;5;2;3;4;3;5;4;3;4;4;5;4;2;2;4;4;3;5;5;5;2;3;3;4;3;5;2;4;4;3;4;5;3;2;4;3;5;4;5;3;1;4;2;2;4;5;4;3;3;3;2;4;4;2;2;2;1
339;0;1;3;1;5;3;3;2;3;5;4;4;4;5;4;3;4;4;4;4;2;4;4;4;3;3;3;4;5;5;3;4;4;2;5;3;5;5;1;2;3;4;3;4;1;3;5;4;3;5;3;5;4;3;3;3;4;3;4;3;1
340;0;3;4;4;4;5;1;2;3;5;5;5;3;4;5;5;4;2;3;5;1;5;4;3;2;1;5;3;4;5;5;2;3;2;4;5;5;4;3;5;3;3;3;4;5;2;3;3;3;4;5;5;1;3;5;3;4;3;2;5;1
341;1;1;2;3;2;3;4;4;3;4;4;4;4;4;2;3;2;2;3;4;3;4;4;4;2;1;2;3;4;3;4;4;4;1;5;4;3;2;2;3;3;2;4;2;2;3;3;2;3;3;4;3;2;4;3;3;4;3;3;4;2
342;1;4;3;4;5;4;4;4;4;5;2;4;4;4;4;4;3;2;3;4;2;3;4;5;2;4;3;4;3;5;4;4;5;1;5;4;4;2;3;4;2;4;4;2;4;3;3;4;4;5;4;4;4;3;4;5;3;4;4;5;4
343;1;1;2;3;5;4;3;3;3;5;5;3;3;4;3;3;3;3;5;4;3;4;3;3;4;2;3;4;4;5;3;4;4;3;4;3;4;3;4;2;3;4;3;2;3;3;4;3;3;5;3;4;2;3;3;3;4;4;3;5;2
344;1;5;2;3;5;4;1;3;2;3;4;4;2;4;5;5;4;4;4;4;3;4;5;5;2;5;4;2;5;5;4;2;4;2;4;4;4;4;5;3;4;3;4;4;3;3;4;3;3;5;4;5;3;3;5;2;4;4;2;4;1
345;0;3;4;4;5;4;3;2;4;5;4;4;5;4;4;5;2;2;5;4;3;4;2;5;2;5;4;3;3;4;4;5;4;3;4;3;4;3;2;2;2;3;4;2;4;3;2;4;3;4;4;5;3;2;4;3;2;3;3;3;2
346;0;5;2;3;4;5;3;3;3;4;4;4;4;4;4;4;5;3;4;5;5;3;5;5;2;5;2;4;5;5;5;2;4;2;4;5;4;4;5;4;4;4;4;4;4;3;3;2;4;4;5;4;3;4;4;3;4;5;3;4;3
347;1;4;2;4;2;4;4;4;3;4;4;4;3;4;4;4;3;4;2;4;3;4;2;4;4;4;4;2;4;4;4;4;4;3;2;4;4;4;4;4;4;2;4;3;4;2;4;4;4;2;2;4;2;3;4;4;4;1;2;4;2
348;1;4;4;5;3;3;4;4;4;4;3;5;5;4;4;4;2;1;3;2;4;5;4;5;3;5;4;1;5;3;4;4;4;1;5;4;4;1;4;4;2;2;5;4;4;5;3;4;3;5;4;3;4;3;4;4;4;1;4;3;3
349;0;2;4;3;2;4;4;3;3;4;3;3;3;3;3;4;3;3;2;4;3;3;1;3;2;3;3;4;3;5;5;3;3;3;3;3;4;4;4;4;4;3;4;3;1;3;2;4;4;3;3;4;3;4;3;3;4;3;3;3;3
350;1;2;2;4;4;4;2;4;2;4;3;2;4;4;4;4;4;2;4;4;2;3;2;4;2;4;3;4;3;4;3;2;4;2;3;4;4;4;3;3;4;3;3;2;4;2;2;4;3;4;4;4;2;3;3;4;3;3;2;3;3
351;0;2;3;2;2;4;3;2;4;3;4;4;4;3;2;4;2;2;4;4;3;4;3;4;2;3;4;3;3;4;4;2;4;2;2;4;4;4;3;3;4;3;4;2;3;3;4;4;4;4;4;4;3;3;4;3;3;2;3;3;2
352;1;2;3;3;4;4;3;4;4;5;3;5;3;5;3;5;2;2;4;5;3;4;3;3;1;4;4;4;4;5;4;4;4;2;3;2;5;4;4;4;2;3;5;2;2;4;2;5;4;1;4;4;4;3;4;3;4;4;4;5;2
353;1;4;2;5;5;5;2;3;3;2;3;4;3;4;5;5;4;3;1;4;2;2;1;2;2;5;3;3;3;5;5;2;3;3;2;4;4;3;3;1;3;1;3;3;2;2;4;3;4;4;3;4;1;1;3;2;3;3;2;3;4
354;0;4;2;2;5;4;4;5;4;5;3;4;5;4;5;5;3;5;5;5;3;4;4;5;2;5;4;4;4;5;4;3;4;2;5;4;5;4;4;3;5;5;5;4;5;4;2;4;3;5;4;4;3;4;4;4;3;2;4;5;2
355;1;3;3;4;1;2;2;1;2;2;3;2;4;2;4;2;2;2;4;3;2;4;2;3;3;3;3;2;4;2;4;2;4;2;4;4;4;4;4;3;3;2;3;4;4;3;4;4;2;4;4;2;4;4;3;2;3;2;4;3;3
356;0;5;2;4;4;4;2;4;4;3;3;5;4;4;5;4;4;2;3;5;4;3;5;5;4;5;3;5;4;5;4;2;4;1;4;4;4;4;5;3;3;3;4;2;1;2;3;3;3;5;5;5;2;4;5;3;5;4;2;3;3
357;0;3;3;3;3;5;2;2;3;4;3;5;5;5;3;3;2;2;3;5;3;4;3;5;2;5;3;5;4;5;4;4;5;1;5;3;4;3;3;3;2;3;4;3;3;3;1;3;3;2;4;4;2;1;4;3;3;4;2;5;1
358;0;4;4;5;2;4;5;1;2;5;5;5;3;4;2;5;1;2;5;5;2;5;4;4;1;4;4;4;5;2;4;4;3;1;1;5;2;1;5;2;1;2;4;3;5;4;1;4;4;2;3;4;2;1;5;5;4;1;1;4;2
359;1;1;2;5;4;5;2;3;5;5;5;5;5;5;1;3;5;1;4;4;3;4;5;5;1;1;4;5;2;5;5;4;5;1;3;3;5;5;3;3;1;3;5;2;3;5;1;4;5;3;5;5;5;4;5;3;3;4;4;5;4
360;0;3;3;5;5;3;4;1;2;5;3;4;4;5;1;5;2;1;5;2;4;5;1;4;1;3;3;4;3;5;4;5;4;2;5;4;3;3;3;3;2;3;4;2;4;4;2;4;3;5;4;3;1;3;3;4;3;1;3;5;1
361;1;4;4;4;2;4;4;3;2;5;3;5;4;4;4;5;4;4;3;3;3;3;2;3;4;3;3;2;3;2;5;3;4;2;1;5;4;4;4;2;4;2;4;4;2;1;5;3;4;3;4;4;3;2;4;4;4;4;2;4;3
362;0;5;4;2;5;4;2;1;3;4;4;3;4;5;3;4;2;2;5;4;3;4;2;5;2;1;4;4;5;5;5;2;4;1;3;5;3;4;2;2;2;3;5;3;5;3;4;4;3;5;4;4;2;3;5;3;4;4;2;4;3
363;1;3;3;1;3;1;4;5;4;5;5;1;5;5;3;1;5;2;5;3;5;5;1;5;3;4;1;2;2;3;5;3;3;5;3;5;1;2;3;5;1;5;3;1;1;3;5;3;1;4;3;1;3;1;5;4;4;1;3;3;1
364;1;5;2;4;1;4;2;1;1;4;3;3;3;5;4;1;2;1;5;4;3;5;5;3;2;4;4;3;3;5;3;3;2;1;5;4;4;4;5;4;1;5;3;3;3;3;2;4;4;2;5;5;3;4;5;3;2;3;2;5;4
365;1;1;3;3;5;3;3;3;3;3;3;3;3;3;2;2;3;3;3;3;3;3;5;3;3;3;3;3;3;3;5;1;3;3;3;3;3;3;1;3;3;3;3;3;3;3;3;3;3;3;3;4;3;3;3;3;3;3;3;3;3
366;1;4;4;3;4;3;5;2;3;3;4;3;3;4;3;3;4;4;2;3;3;2;3;4;3;2;4;3;2;3;1;3;1;3;1;4;3;3;3;2;3;4;3;4;2;4;3;4;3;3;4;3;2;3;2;3;2;3;4;3;2
367;0;3;3;3;4;4;3;1;3;3;3;4;3;3;4;4;4;3;4;4;4;4;2;2;3;3;4;3;3;4;5;3;3;1;3;4;4;3;1;3;4;3;5;3;1;2;3;4;3;3;3;4;2;3;3;3;4;3;3;3;2
368;0;5;5;5;2;4;5;3;2;5;4;4;5;5;5;5;5;2;2;5;4;5;5;2;3;5;2;5;3;2;5;3;4;1;5;4;4;4;4;1;1;1;4;4;5;4;3;1;1;4;4;3;4;1;4;5;4;1;2;4;1
369;1;2;3;4;1;4;3;3;4;3;5;4;4;5;5;5;5;3;3;4;3;2;5;3;2;5;3;2;3;2;2;3;3;1;5;4;4;4;5;3;2;2;2;2;5;1;1;3;3;2;4;4;2;2;4;2;3;4;3;4;3
370;0;5;2;5;5;5;3;3;4;5;4;5;3;5;5;4;3;3;4;5;3;5;4;4;4;5;5;4;5;5;5;3;4;2;3;5;4;4;3;4;4;3;4;4;5;2;3;3;5;5;5;5;1;4;4;3;4;3;2;5;4
371;0;3;3;2;4;5;3;3;3;4;4;5;4;4;4;3;5;3;5;5;1;5;5;3;3;5;3;4;5;3;5;2;2;3;4;3;3;4;5;2;2;3;2;4;4;4;4;3;4;5;3;4;4;1;3;2;4;5;4;4;1
372;0;3;4;3;2;4;5;4;4;5;3;4;4;4;5;5;4;1;4;5;4;5;2;5;3;2;3;4;2;5;4;2;3;2;5;5;4;2;4;3;1;3;4;1;5;2;4;2;3;4;4;4;4;3;3;4;2;3;2;3;1
373;0;5;4;4;4;4;3;4;3;5;5;4;5;5;5;4;4;3;4;4;4;3;4;5;3;5;4;4;5;4;5;5;4;2;3;5;3;2;4;4;5;3;4;4;5;2;2;4;4;4;4;4;5;4;4;4;4;1;3;5;3
374;1;5;4;2;2;2;4;1;4;5;3;2;5;3;3;3;4;3;4;4;2;4;4;4;3;1;4;4;2;4;4;3;4;4;4;5;2;3;3;1;3;2;3;3;2;4;5;3;2;2;4;3;3;2;4;4;3;2;3;3;2
375;1;3;2;5;5;2;5;3;2;5;3;4;5;4;5;4;4;3;4;4;4;3;4;4;4;2;3;3;3;5;4;2;3;1;3;3;4;4;4;3;3;2;5;3;1;2;2;2;3;2;4;4;4;4;3;2;4;2;3;3;3
376;0;2;2;2;3;4;4;3;5;3;3;5;3;5;4;3;5;2;3;5;3;5;5;5;2;5;4;3;3;4;5;3;3;1;5;4;4;1;3;4;3;3;3;3;3;3;2;4;4;1;5;4;1;3;4;3;4;3;1;2;2
377;1;1;4;5;5;2;3;5;3;5;4;5;5;3;5;2;2;4;3;4;4;2;5;5;3;5;4;3;5;4;4;4;5;1;3;4;5;4;5;3;5;4;5;4;4;3;5;4;4;4;5;4;2;3;3;4;5;2;4;3;4
378;1;3;3;4;1;5;4;4;3;4;4;5;1;5;5;5;5;3;3;5;4;3;5;2;3;5;3;4;3;1;2;2;3;2;1;4;4;3;5;3;5;2;3;4;3;1;2;4;5;3;4;5;1;3;5;3;5;3;3;5;4
379;0;4;3;5;2;3;1;3;2;3;4;4;5;5;2;5;3;4;3;4;4;4;4;5;3;2;3;2;4;5;4;2;5;3;2;4;4;2;3;2;2;1;4;2;5;3;2;2;2;3;4;4;3;3;3;2;2;3;1;4;4
380;1;1;4;2;5;3;4;1;2;5;4;4;4;4;1;4;3;3;3;2;2;4;2;5;4;1;3;3;5;5;4;2;4;3;3;3;3;5;3;2;5;3;4;5;1;3;5;4;4;5;3;4;3;2;3;3;5;3;2;4;1
381;0;5;3;4;5;4;2;5;2;5;5;5;5;5;5;4;2;2;4;4;3;5;3;5;2;5;2;5;3;5;3;4;4;2;2;5;4;2;4;5;3;4;5;4;4;4;4;4;3;5;5;3;2;4;5;4;4;4;3;5;3
382;1;4;4;2;4;4;4;4;2;4;4;3;2;4;4;3;2;3;4;4;2;4;2;2;4;2;4;4;4;4;3;4;4;1;4;4;3;4;4;2;4;2;3;2;3;2;2;4;2;2;2;2;2;3;4;2;2;2;3;4;2
383;1;5;2;3;5;4;4;3;4;4;4;4;3;4;5;4;4;3;4;4;3;4;3;4;3;5;4;4;4;5;4;3;3;2;5;5;4;3;3;4;2;3;3;2;4;3;3;3;3;4;4;4;2;3;4;4;4;2;3;5;2
384;1;4;3;4;1;4;4;4;3;5;3;4;3;3;3;4;3;2;3;4;2;3;3;3;3;3;3;4;3;3;4;3;3;3;3;4;4;4;3;3;3;3;4;3;3;2;3;4;3;3;4;4;4;3;3;4;3;3;3;3;3
385;1;2;4;2;5;4;2;4;4;4;4;5;3;2;2;4;4;3;4;4;2;5;1;4;3;2;3;4;4;4;4;3;4;2;2;1;3;4;1;2;2;2;3;4;1;3;2;2;2;5;2;4;3;2;2;4;2;4;4;4;2
386;0;2;4;3;5;4;4;2;4;5;5;5;4;4;2;4;2;2;5;5;1;5;2;4;2;2;4;4;2;5;5;4;4;2;5;3;4;2;2;1;2;4;4;4;2;4;4;4;4;4;2;5;2;2;4;5;3;4;4;4;4
387;0;3;3;4;2;5;3;3;4;4;4;5;5;5;4;5;4;3;2;5;4;2;3;5;2;2;4;3;3;2;5;1;4;2;3;4;3;4;3;3;3;2;4;3;3;2;2;3;3;3;3;4;3;4;4;2;4;4;2;5;4
388;0;4;2;4;5;5;2;4;4;4;4;2;4;5;5;4;4;2;5;4;4;2;5;4;3;5;4;4;4;5;3;2;4;1;2;5;2;4;5;5;4;3;4;5;4;2;1;3;4;5;5;2;1;2;4;2;4;2;4;5;4
389;0;5;5;4;4;2;5;4;4;5;4;4;4;4;2;4;3;2;5;4;2;4;4;5;2;1;4;4;3;4;5;4;4;1;2;4;3;3;1;1;4;4;5;4;2;2;5;4;3;4;2;4;3;2;3;4;2;1;4;4;2
390;1;2;1;4;3;5;3;2;5;4;4;5;4;4;3;5;5;1;2;5;3;3;3;4;5;5;3;3;4;5;5;2;3;3;2;4;4;5;3;4;2;1;3;3;3;2;5;2;4;3;4;5;3;1;4;2;4;5;1;3;4
391;0;2;4;5;4;5;2;4;5;2;4;2;3;4;5;3;5;4;3;4;2;4;4;1;4;2;2;3;3;4;3;1;2;3;2;3;4;5;3;3;5;3;2;4;1;2;3;3;4;4;3;4;2;3;4;2;5;4;4;4;4
392;0;2;2;3;4;4;2;2;3;5;3;5;4;3;4;4;2;2;3;5;3;4;3;5;1;4;4;4;2;4;5;3;4;2;4;5;3;2;3;3;2;3;4;1;4;4;1;3;3;4;3;4;4;3;3;4;2;3;3;2;3
393;0;5;2;4;4;3;4;3;4;4;4;2;4;4;5;4;2;3;5;4;4;5;4;5;4;4;4;3;4;4;4;3;4;3;4;5;3;2;4;3;2;4;4;2;4;3;2;3;2;5;3;3;2;2;4;3;2;1;2;4;2
394;1;5;2;5;1;3;2;4;2;2;3;2;2;4;5;3;2;3;4;4;4;4;5;3;2;5;3;2;4;2;3;2;3;1;4;4;3;4;4;3;2;4;4;2;4;3;2;4;2;2;4;4;4;2;5;2;3;2;3;4;3
395;0;5;3;2;5;4;3;2;3;4;5;3;3;4;4;3;3;3;4;4;2;4;4;4;3;5;2;3;5;5;3;2;4;1;5;4;4;2;5;1;2;3;4;4;4;2;3;2;4;4;5;4;1;2;5;2;4;4;3;5;3
396;0;4;2;4;2;4;1;1;3;4;3;3;3;2;5;4;3;3;3;3;3;4;4;5;3;3;3;3;4;5;4;2;3;2;1;4;4;4;4;5;5;3;4;3;3;1;4;3;3;2;3;4;4;3;4;3;4;1;3;1;2
397;1;5;1;5;5;2;4;4;3;4;3;4;2;5;5;5;1;2;5;3;5;4;3;4;4;3;4;4;4;4;4;1;4;1;3;3;4;3;4;3;1;5;3;5;2;3;3;4;3;4;3;5;3;4;2;1;2;3;3;3;1
398;1;1;2;4;4;4;4;3;3;4;4;4;4;2;3;4;3;4;2;4;2;4;2;2;4;4;4;2;4;4;2;2;2;2;3;4;4;4;2;4;4;2;2;4;3;2;2;2;4;4;4;4;2;4;4;2;4;2;2;3;4
399;1;2;2;5;1;4;3;2;4;4;4;5;4;3;2;5;4;3;1;4;4;3;5;4;4;4;4;3;4;1;4;3;4;2;3;4;5;4;1;3;3;3;4;3;3;3;2;3;4;3;2;4;4;3;4;4;4;3;2;3;4
400;0;5;2;5;1;4;4;4;3;5;2;2;4;5;4;4;4;3;3;4;3;2;5;2;2;5;2;4;5;1;4;2;2;1;2;5;3;4;5;3;3;2;3;4;2;3;2;5;4;4;5;4;1;5;5;4;5;4;3;5;4
401;1;2;4;3;3;2;2;1;2;3;1;2;3;2;2;3;2;2;3;2;3;2;2;2;2;2;3;3;2;1;4;3;3;4;3;3;4;4;3;4;3;3;3;3;4;3;4;3;4;3;4;4;3;4;3;5;3;4;4;3;4
402;0;3;2;4;5;4;4;3;4;5;5;5;3;4;1;4;3;4;2;4;4;3;2;5;2;5;3;4;4;5;5;4;3;4;1;5;4;4;4;4;3;2;4;3;4;2;4;4;5;5;3;5;4;3;4;3;4;5;2;5;4
403;0;3;3;3;5;4;2;2;5;5;4;3;3;5;4;5;1;2;2;4;3;5;3;2;3;4;3;3;4;5;4;4;5;2;5;4;5;3;4;3;2;5;5;4;4;4;3;4;3;5;4;5;4;4;4;5;4;2;3;5;3
404;0;5;1;5;5;3;3;3;3;5;1;4;5;5;5;3;3;1;1;3;3;1;5;5;2;5;3;3;3;5;5;2;5;1;5;5;5;1;5;3;3;3;4;1;5;1;1;1;1;3;5;5;5;4;5;5;5;4;3;5;5
405;0;5;4;3;5;5;3;4;5;5;4;5;4;4;4;5;5;3;5;5;3;5;5;4;3;2;3;3;5;5;5;3;4;1;2;3;3;5;5;3;3;3;4;4;4;1;3;3;5;5;4;4;2;4;4;1;4;5;3;4;1
406;0;5;4;4;4;4;4;4;3;4;4;2;4;4;4;4;3;2;4;4;4;4;4;4;2;5;3;4;4;5;4;4;4;2;3;5;3;4;5;3;4;3;5;4;5;3;2;4;4;5;3;4;2;3;4;3;3;3;2;4;3
407;0;5;5;4;4;4;5;4;3;5;4;2;4;5;5;5;3;3;5;4;3;4;5;5;2;5;3;4;4;4;3;2;4;2;4;5;4;1;5;5;3;4;4;4;4;4;2;5;4;4;4;4;2;3;5;4;3;3;4;4;2
408;0;4;2;3;2;4;5;4;3;5;5;3;4;5;5;2;4;4;4;4;2;5;5;3;3;4;3;5;5;1;3;2;3;2;4;3;2;4;5;1;2;2;2;4;3;2;3;3;2;2;5;3;3;2;5;3;4;3;2;4;1
409;0;1;3;3;5;4;2;3;4;5;4;4;3;4;3;5;4;2;3;4;3;4;1;4;3;1;3;4;4;5;4;4;4;1;2;3;4;3;1;3;3;2;4;3;1;4;4;3;3;4;4;4;3;3;4;3;4;3;4;3;3
410;0;1;3;2;5;3;4;3;4;4;4;5;3;5;2;3;3;3;5;4;2;5;1;4;3;1;4;4;3;5;4;3;4;4;5;2;2;4;1;3;2;3;4;4;1;2;3;2;3;4;3;3;3;1;3;3;3;3;3;5;3
411;1;4;2;3;5;2;3;2;3;5;4;3;4;4;3;4;3;3;3;4;4;4;4;4;3;5;3;3;4;5;3;4;5;3;4;5;4;4;3;4;4;3;4;3;3;3;3;4;4;1;3;5;3;3;4;3;4;4;3;2;4
412;1;4;3;2;5;2;2;2;3;5;4;3;3;4;5;4;5;4;3;2;3;4;4;3;3;4;3;5;3;5;4;2;4;1;3;3;4;5;5;2;4;4;2;3;3;2;3;3;1;5;5;4;4;2;4;3;4;2;4;4;1
413;1;4;2;4;5;4;3;2;4;4;4;3;4;4;4;5;4;2;5;4;3;4;4;5;4;3;3;3;4;5;4;2;4;2;2;4;3;4;3;5;4;3;4;4;4;4;3;3;4;4;4;4;2;3;4;3;4;3;2;4;4
414;0;2;3;3;4;4;3;4;3;2;4;1;4;4;2;2;4;4;3;2;2;3;1;2;2;4;2;4;4;2;2;1;2;2;5;3;4;4;4;2;4;2;2;4;1;2;3;3;4;2;2;4;2;3;4;1;4;3;4;5;2
415;1;1;3;3;1;5;2;3;5;5;5;5;2;5;5;5;4;1;3;5;3;5;4;3;3;1;4;4;1;2;5;2;4;3;1;4;4;4;2;1;1;1;4;1;4;1;2;1;3;1;3;4;1;3;5;3;3;3;1;5;2
416;1;4;2;4;5;4;2;2;3;5;3;5;5;2;4;4;2;1;4;5;3;4;3;5;2;5;2;4;3;5;4;4;5;1;2;3;4;3;4;2;2;3;5;2;3;2;3;3;4;5;5;5;3;4;4;4;3;4;2;3;3
417;1;3;3;3;3;2;3;2;4;3;4;2;3;3;2;3;3;2;3;3;3;3;4;3;3;3;3;3;3;3;3;3;4;3;4;3;3;3;4;3;3;4;3;3;4;4;3;3;3;3;3;2;3;3;3;3;3;3;3;3;3
418;0;3;1;4;3;2;2;1;2;5;4;2;3;2;4;2;1;5;3;5;2;2;1;2;5;4;2;4;4;2;4;3;4;5;4;4;4;5;5;4;5;3;3;4;4;2;5;3;2;3;4;5;4;2;4;2;5;5;2;4;3
419;0;3;4;3;3;3;4;3;3;5;4;4;4;2;2;4;3;3;3;3;3;3;4;4;4;3;3;3;4;3;4;2;4;3;3;4;3;4;3;3;4;3;4;3;4;3;2;4;3;3;2;3;3;3;3;2;4;2;2;3;2
420;0;5;3;4;5;4;3;2;4;4;4;4;4;4;3;5;2;2;4;4;2;5;1;3;2;4;3;4;3;5;5;4;4;4;3;5;4;3;3;4;3;3;4;4;4;3;3;4;2;5;2;4;3;2;4;4;3;4;3;4;2
421;0;4;2;3;4;4;2;3;4;4;4;4;4;3;4;3;4;3;4;4;2;4;2;4;4;4;4;4;3;4;4;2;3;2;3;4;4;5;3;2;3;4;3;4;4;3;4;2;2;4;2;4;3;2;3;4;4;4;2;2;2
422;0;5;2;4;4;2;1;4;3;2;4;2;4;2;4;3;4;4;4;2;4;4;4;3;3;3;1;2;5;4;5;1;3;1;5;5;4;4;4;4;5;3;4;4;4;4;3;4;5;4;5;2;2;4;5;2;5;2;3;5;4
423;0;5;4;5;1;4;5;2;5;5;5;5;4;4;2;4;3;2;5;3;4;5;2;3;2;4;4;4;5;3;5;2;4;1;4;1;3;4;5;4;5;4;2;4;3;2;3;4;3;2;3;4;4;4;5;3;5;2;4;4;3
424;0;5;4;3;5;5;2;3;3;5;5;5;5;5;5;5;4;2;4;3;2;5;3;5;3;5;5;3;4;5;5;2;5;5;5;5;5;3;4;2;3;3;3;4;3;3;3;3;2;5;3;5;3;1;3;2;4;5;3;5;1
425;1;2;3;5;5;4;2;4;4;5;5;3;4;5;4;4;3;2;5;4;4;5;3;5;3;4;3;3;5;5;3;1;4;1;5;5;4;1;4;4;3;2;4;4;2;2;2;2;3;5;4;4;2;2;4;3;3;3;2;5;4
426;0;4;4;4;2;4;4;4;3;5;5;2;4;4;3;2;3;2;2;3;3;4;4;3;4;5;2;4;4;2;4;4;4;3;4;4;3;2;4;3;2;3;5;3;2;4;2;4;3;3;5;4;2;3;5;3;4;2;3;5;4
427;0;2;4;2;2;3;2;4;2;4;3;2;4;4;5;3;3;2;4;3;2;5;2;4;2;4;3;4;3;3;4;4;4;2;2;4;3;4;2;4;2;4;3;4;4;2;2;4;2;3;2;4;4;2;2;4;2;2;4;3;2
428;1;5;3;3;1;1;2;2;2;5;4;1;1;1;2;5;5;1;1;1;1;1;2;1;5;5;5;4;5;5;3;3;3;3;3;3;3;5;5;5;5;1;5;5;5;5;5;4;1;2;5;5;5;5;5;2;4;2;5;4;4
429;0;4;2;4;5;1;2;3;5;4;4;5;4;4;5;4;3;2;2;5;3;2;1;4;3;3;5;4;4;5;5;3;4;2;4;5;4;2;4;3;4;3;4;3;4;4;4;5;4;5;3;5;4;3;5;4;4;4;3;4;3
430;1;3;3;4;5;5;4;3;4;5;2;4;3;3;5;4;5;3;5;3;3;4;2;1;3;3;3;2;3;5;3;3;3;2;5;4;3;4;4;3;3;5;3;4;4;2;3;4;4;1;5;4;3;4;4;4;5;3;3;5;3
431;0;4;2;3;4;4;2;2;4;5;5;3;5;5;5;4;2;2;5;5;5;5;5;5;2;1;5;5;2;5;4;3;5;1;5;4;4;1;4;4;5;4;5;2;4;3;2;5;4;5;4;5;3;2;5;4;2;2;2;5;3
432;1;5;3;3;3;3;3;3;4;4;3;3;5;3;3;3;3;2;3;3;3;3;4;3;3;3;3;3;3;1;3;1;5;3;2;3;3;3;3;3;3;3;3;3;3;3;2;3;3;3;3;3;3;3;3;3;4;3;3;3;3
433;0;1;5;2;2;3;2;3;1;5;5;4;4;5;1;3;4;2;3;4;2;5;1;2;3;1;2;5;3;5;4;2;4;2;5;1;3;4;4;2;2;3;3;3;1;4;2;5;3;4;3;4;3;2;3;5;4;1;5;5;1
434;1;1;4;4;5;4;2;2;3;5;4;4;4;5;4;4;2;2;4;4;2;5;2;4;4;4;4;2;2;5;5;4;4;1;4;5;4;2;2;3;2;2;4;2;2;4;2;4;2;5;4;4;2;2;4;4;3;3;4;4;2
435;1;3;1;5;3;5;2;4;5;3;4;4;4;4;5;5;4;4;4;4;3;3;1;4;3;3;4;3;5;5;4;1;3;3;5;4;2;5;3;4;4;3;2;2;4;2;4;2;3;5;3;5;2;3;4;2;4;4;2;4;3
436;0;5;4;2;4;4;5;1;1;5;3;5;4;4;3;3;5;4;5;5;3;3;4;3;4;4;4;3;4;4;5;1;4;4;4;4;3;4;5;4;4;4;3;3;5;2;4;3;3;4;3;4;2;4;4;3;4;3;3;5;3
437;0;3;1;4;3;1;2;4;5;3;5;5;3;4;5;5;4;2;5;4;2;3;1;5;1;5;2;4;5;5;1;4;3;1;4;3;4;3;4;4;3;3;2;5;4;2;2;4;3;5;5;5;3;2;3;4;5;2;3;5;1
438;0;4;4;4;5;5;2;4;3;5;5;4;5;2;4;4;3;2;4;4;3;4;1;5;2;4;3;4;4;5;3;2;5;1;3;4;4;2;4;5;3;3;5;3;5;4;3;4;3;5;4;4;4;3;5;4;4;3;2;1;3
439;0;2;4;2;5;4;4;2;4;5;4;5;3;5;2;4;5;2;5;5;3;4;4;4;3;1;2;4;5;5;5;3;5;1;5;3;4;5;2;2;2;3;5;5;1;2;4;4;4;4;5;5;2;2;4;4;4;3;5;5;1
440;1;2;4;4;4;2;4;3;4;5;4;4;3;5;2;3;3;4;4;5;4;4;4;4;4;4;2;4;4;2;3;3;3;4;4;2;3;4;2;2;3;3;4;3;2;2;4;2;2;4;3;4;2;3;4;3;4;4;3;4;2
441;0;5;4;5;5;3;2;4;5;4;5;5;4;4;4;5;2;2;3;4;4;3;4;4;1;5;3;3;3;4;4;3;4;1;2;5;5;1;5;3;1;3;5;3;4;4;1;2;5;5;4;4;2;3;3;3;3;4;2;5;4
442;0;1;1;1;5;4;2;3;3;5;3;2;2;4;1;4;3;5;2;3;3;1;2;2;3;4;1;1;4;2;3;2;1;3;3;4;1;3;3;2;5;2;4;3;2;3;2;2;4;1;1;3;2;3;3;2;2;4;1;3;3
443;1;4;2;4;2;2;4;4;3;4;3;3;2;3;4;4;2;4;2;2;3;3;4;4;4;3;4;3;2;4;3;3;3;2;4;3;3;3;4;2;3;4;3;3;4;2;2;3;2;3;3;3;4;3;3;4;3;2;2;4;2
444;1;4;4;2;4;4;2;5;5;5;5;5;3;4;5;3;3;2;5;5;1;5;3;4;2;5;5;4;1;5;5;3;4;5;4;3;3;4;5;1;1;3;3;2;4;2;4;4;1;4;4;5;3;1;3;4;1;4;2;5;1
445;1;4;4;5;3;4;2;5;2;4;1;5;2;3;4;4;4;2;4;3;2;3;3;3;2;4;1;3;4;3;3;4;2;4;5;5;4;4;3;2;3;4;4;3;3;3;2;4;3;3;4;4;4;2;4;4;4;3;2;3;4
446;0;4;3;4;4;4;3;3;2;4;4;4;4;4;4;4;3;3;4;3;3;4;4;4;2;4;3;3;4;4;3;3;4;2;3;4;3;2;2;4;3;4;4;3;4;3;2;4;4;4;3;4;3;3;4;3;4;3;3;4;3
447;0;1;4;1;5;4;2;2;2;4;3;5;4;2;2;4;2;1;2;4;1;2;2;2;2;2;1;3;4;5;4;2;4;1;1;3;2;5;3;2;4;2;4;4;2;1;4;4;3;5;5;5;4;2;4;4;5;4;4;5;2
448;0;4;4;5;3;5;2;4;3;5;5;5;5;5;5;3;2;5;5;5;5;5;3;5;2;3;2;3;4;5;4;4;5;1;5;3;3;1;3;4;2;5;5;3;4;5;2;4;4;5;5;4;3;4;5;4;2;4;3;5;2
449;0;3;3;3;3;3;3;3;3;3;3;3;3;3;3;3;3;3;3;3;3;3;3;3;3;3;3;3;3;3;3;3;3;3;3;3;3;3;3;3;3;3;3;3;3;3;3;3;3;3;3;3;3;3;3;3;3;3;3;3;3
450;0;3;2;2;2;3;2;2;3;4;4;4;3;4;4;4;3;3;4;4;1;4;3;4;3;4;3;3;3;2;3;2;3;3;4;4;3;2;4;2;3;2;3;2;3;2;3;3;2;3;2;4;2;2;4;4;3;4;2;4;2
451;0;4;4;4;4;4;2;2;2;3;4;4;4;4;4;4;4;2;3;4;2;4;4;4;2;4;4;4;3;4;4;2;4;2;3;4;4;4;4;2;2;3;4;3;4;2;2;4;4;4;4;4;4;3;4;4;2;2;4;4;4
452;0;4;3;4;3;2;3;5;3;5;4;2;4;4;4;4;2;2;3;4;3;4;4;5;2;4;2;3;2;4;3;3;4;2;2;5;3;1;4;2;3;2;4;2;3;3;4;4;3;4;4;3;3;3;5;3;2;2;3;4;2
453;0;1;5;1;5;5;5;5;1;5;1;5;5;5;1;5;1;3;5;5;1;3;5;5;3;1;1;2;3;5;5;5;5;1;5;1;5;4;1;5;1;5;5;1;1;5;5;1;5;5;5;5;5;5;3;5;5;1;5;5;1
454;1;5;3;2;4;4;3;4;2;4;3;3;4;4;4;3;4;2;4;4;2;4;1;4;3;4;2;4;4;2;4;4;4;3;3;4;4;4;5;3;4;3;4;3;4;2;4;2;4;4;4;2;4;4;4;2;4;3;2;2;3
455;1;5;4;3;2;5;2;5;5;5;4;5;5;5;1;4;4;2;3;5;5;5;1;5;2;4;4;5;3;5;5;1;3;1;5;5;4;3;1;2;1;1;3;4;1;1;3;1;1;5;2;3;1;1;4;1;1;1;5;5;1
456;1;4;4;3;5;5;4;4;3;5;4;2;2;2;4;4;2;3;4;3;2;5;4;3;3;5;3;3;4;3;3;2;3;2;3;4;2;4;4;3;2;2;3;3;4;3;2;4;2;4;4;3;3;2;4;3;3;4;3;3;2
457;0;1;3;4;2;4;4;4;4;2;3;5;4;4;4;4;4;3;4;5;3;3;3;3;2;4;4;2;4;2;4;1;2;1;4;5;5;4;1;5;3;2;4;4;1;2;2;4;4;5;2;4;2;4;2;4;4;3;4;4;2
458;1;3;2;3;5;5;2;3;3;5;5;5;3;4;3;4;3;2;2;5;3;5;3;5;3;3;4;3;3;4;4;3;3;3;3;4;5;4;4;3;3;4;3;2;3;2;2;2;3;5;4;3;4;3;5;3;3;4;3;4;3
459;0;5;2;4;4;2;2;4;2;4;4;4;4;5;5;4;2;4;3;4;4;3;4;5;2;4;3;3;4;5;2;4;5;2;4;4;3;3;4;5;4;3;5;4;2;2;3;3;4;5;4;2;1;3;3;4;4;3;3;5;3
460;0;1;2;5;4;5;3;3;4;4;4;4;4;5;5;4;3;2;4;5;3;5;5;5;2;4;4;4;2;5;4;2;4;2;3;5;4;4;2;4;4;3;4;3;1;3;2;2;3;4;2;5;2;3;4;4;4;5;2;4;4
461;1;2;4;5;1;2;1;2;2;4;3;2;4;2;4;3;2;2;2;2;5;2;4;2;1;4;2;2;2;2;4;2;4;4;3;4;4;4;5;4;3;3;5;1;4;3;1;4;4;5;4;4;1;3;5;4;2;2;4;1;5
462;0;5;4;5;2;4;4;3;5;5;4;5;5;5;5;5;3;1;2;5;3;4;4;5;2;5;5;4;3;3;4;4;5;3;4;5;4;2;5;5;2;2;5;1;5;3;3;3;4;4;5;5;2;3;4;3;3;3;3;4;4
463;1;3;3;3;3;3;3;2;3;5;3;5;5;3;3;3;3;2;4;4;4;3;5;5;3;3;2;3;3;5;4;4;4;2;1;4;3;3;1;4;4;3;5;1;1;1;3;3;4;2;3;3;3;3;4;2;3;1;3;3;3
464;0;4;4;3;4;4;4;2;4;5;5;3;3;4;4;2;4;3;4;4;2;4;2;4;4;5;3;4;4;4;4;2;3;2;4;5;3;3;3;3;3;4;4;2;5;3;3;3;4;4;3;4;2;3;4;3;4;3;3;4;2
465;1;1;3;4;5;4;4;1;3;5;5;5;3;5;3;4;4;3;5;4;1;5;1;2;2;3;4;5;2;5;4;2;3;1;4;4;4;3;1;1;4;4;3;2;1;1;2;2;4;5;3;4;2;3;3;2;4;3;2;5;2
466;0;2;3;4;5;4;3;1;3;5;4;5;3;3;2;3;4;3;4;4;4;4;2;4;2;2;2;3;4;5;4;2;3;3;3;3;4;5;1;3;4;3;4;3;1;2;3;3;3;4;4;4;3;4;4;3;4;3;3;3;3
467;0;4;2;4;5;4;1;2;1;5;4;3;4;5;4;5;3;3;5;5;3;5;2;5;3;3;4;3;5;5;3;3;5;1;5;4;4;2;3;4;4;3;5;4;3;4;2;4;4;5;4;4;3;3;3;3;4;3;4;5;3
468;0;3;4;4;1;3;4;2;3;4;4;2;4;4;4;2;2;2;4;4;3;4;3;4;4;1;2;4;2;1;4;3;4;3;2;3;3;2;2;4;3;4;3;2;1;3;3;3;3;2;4;4;3;3;4;4;2;4;2;3;3
469;0;1;3;2;5;4;4;1;5;5;5;5;5;5;3;3;5;3;5;5;2;5;5;5;5;1;5;4;4;5;1;2;4;4;5;1;2;4;4;1;3;2;3;4;1;1;4;2;2;5;2;5;2;2;3;2;5;4;3;5;1
470;0;4;2;5;4;4;3;4;4;5;3;5;4;5;4;4;4;2;2;5;4;3;4;3;2;3;3;5;3;5;4;3;3;4;5;3;4;4;5;3;1;3;3;3;2;3;2;3;4;4;4;4;2;3;4;5;5;4;4;5;4
471;0;2;4;3;1;3;3;3;4;4;4;3;2;2;2;3;5;3;1;2;3;4;2;2;3;3;3;4;5;1;4;2;3;3;2;3;3;4;3;3;3;3;3;3;1;2;4;4;4;4;3;3;4;2;3;2;4;2;3;5;3
472;0;4;3;4;2;3;3;5;3;4;4;2;5;5;4;3;3;4;3;4;2;5;3;2;5;4;2;3;4;2;3;3;4;1;4;4;3;4;5;5;4;2;3;4;4;2;3;4;3;4;3;3;3;2;3;2;4;3;2;3;3
473;0;1;3;4;5;4;2;3;4;5;2;5;3;5;4;5;3;4;5;5;3;4;3;5;4;1;4;4;4;5;4;2;3;2;4;3;5;4;5;3;4;3;4;5;1;5;5;3;3;5;4;5;3;2;4;3;3;5;2;4;4
474;0;4;3;5;2;4;3;4;3;4;2;4;3;2;2;5;3;2;3;4;2;2;4;4;2;4;3;2;3;2;3;3;4;3;2;4;4;4;2;2;3;2;5;2;2;2;2;4;4;2;4;5;4;3;4;4;3;4;2;3;4
475;1;1;2;2;5;4;3;1;4;3;5;4;3;2;1;4;1;1;4;5;4;2;5;4;2;1;2;4;4;5;2;2;4;1;2;3;4;4;1;2;1;5;5;2;2;5;2;4;2;2;3;5;3;2;4;2;2;4;4;2;1
476;0;3;1;5;4;2;2;5;4;3;2;4;3;3;4;3;2;3;4;4;4;2;3;4;2;3;3;2;4;4;4;3;5;1;3;4;3;3;3;4;4;5;5;2;4;1;4;4;4;3;5;3;4;4;4;3;4;4;3;3;5
477;1;1;2;4;5;5;2;5;5;5;5;5;4;5;1;5;4;2;2;5;2;5;1;4;2;2;4;5;4;5;5;2;2;1;5;4;4;2;1;4;1;1;4;1;1;4;1;2;5;5;5;5;1;1;4;4;2;4;4;5;1
478;0;4;4;4;2;4;3;2;4;5;4;4;4;4;2;4;4;4;3;4;3;4;3;3;4;3;4;4;5;2;5;3;3;4;4;3;4;4;4;4;4;3;4;4;4;3;3;4;3;3;3;4;2;3;4;3;4;3;4;4;3
479;1;4;3;4;4;3;3;3;3;5;5;3;4;4;4;4;5;4;4;5;5;4;3;4;3;4;4;3;4;4;3;2;2;2;3;2;5;3;3;3;2;3;2;1;2;2;2;3;2;2;2;2;1;1;2;2;2;2;2;2;2
480;1;1;3;2;2;4;4;4;3;4;4;2;4;4;5;4;4;2;2;4;2;4;2;4;2;3;2;4;3;3;1;4;4;2;4;4;2;4;4;4;2;3;4;3;2;4;2;4;2;3;4;2;4;2;4;4;3;2;4;3;2
481;0;4;4;4;4;4;4;2;4;5;3;4;4;5;3;4;2;2;3;4;3;3;2;4;3;4;4;4;4;5;4;4;4;2;5;5;4;1;4;5;3;3;4;3;4;2;3;3;4;5;3;4;4;4;4;4;4;2;4;5;3
482;1;5;1;5;1;4;1;4;3;2;4;3;5;3;3;4;3;2;1;4;4;3;2;3;1;1;3;4;3;4;3;2;5;2;2;4;5;5;5;3;2;3;5;3;1;2;1;4;4;2;5;4;3;3;4;2;4;5;4;2;4
483;0;1;4;5;5;4;2;2;2;5;3;4;5;4;4;4;2;3;4;4;3;4;1;5;2;3;4;4;3;5;4;4;4;1;2;3;4;2;2;5;4;5;5;3;5;1;1;4;3;5;2;4;2;2;4;4;3;2;3;4;4
484;0;4;4;3;1;4;2;4;4;5;3;5;3;3;3;3;2;2;3;4;4;3;3;4;3;4;3;4;3;2;3;4;4;2;4;4;4;2;4;4;2;3;4;4;2;3;2;4;3;3;4;4;3;2;5;4;3;4;4;3;3
485;0;3;2;2;5;3;3;3;3;4;3;2;3;3;3;3;3;3;1;2;2;2;4;3;3;3;2;3;3;5;4;3;3;3;4;3;4;4;3;3;4;3;4;3;5;3;3;3;3;3;3;4;3;3;4;4;3;3;3;3;2
486;0;2;3;4;4;5;4;4;5;5;4;4;4;2;3;5;5;2;2;5;3;4;3;4;4;5;4;5;4;5;5;3;4;2;2;4;5;5;3;3;2;2;4;3;2;2;4;2;3;2;3;3;2;3;4;2;4;4;2;2;3
487;0;3;2;4;4;4;2;2;2;4;3;4;4;4;4;4;4;3;5;5;2;4;2;3;3;3;2;2;4;4;4;2;4;2;4;3;3;4;2;4;2;4;4;3;3;4;3;4;4;3;4;5;3;3;4;5;4;5;2;4;3
488;0;4;4;5;3;5;1;5;2;5;4;5;4;5;3;4;4;3;3;4;4;2;5;2;2;4;4;4;3;5;4;4;3;4;2;4;3;4;5;4;4;2;3;2;4;2;2;4;4;5;5;4;4;4;5;4;5;4;2;5;4
489;1;5;5;5;5;5;5;5;5;5;5;5;5;5;4;4;4;2;4;4;2;5;2;4;4;4;3;4;4;4;4;4;4;1;4;4;3;2;4;4;2;4;4;2;4;3;4;4;2;4;4;4;2;1;4;2;4;4;2;4;2
490;0;5;5;3;5;5;5;1;3;5;5;5;5;5;5;5;5;2;2;4;3;5;1;3;3;3;3;5;5;5;5;2;3;1;5;5;1;5;3;3;5;3;5;5;3;2;4;5;3;3;5;5;1;3;5;3;5;1;3;5;1
491;1;5;4;2;4;2;4;2;3;4;4;2;4;4;4;3;3;2;4;3;3;4;4;4;4;4;3;4;5;4;3;3;5;2;2;5;3;4;5;4;3;4;3;5;4;3;3;4;4;5;3;3;4;4;3;3;4;2;4;3;2
492;1;5;2;5;1;3;2;3;4;5;3;3;3;3;3;3;3;2;4;3;2;3;4;2;2;3;2;3;3;4;5;3;5;2;1;5;5;4;4;1;2;3;5;3;5;3;4;2;4;5;3;3;3;4;4;3;5;3;3;4;5
493;0;5;2;4;5;4;3;4;4;3;4;4;3;4;4;4;3;2;5;3;3;4;4;5;3;3;4;3;3;4;4;2;4;3;4;4;4;4;5;4;3;3;4;2;5;3;3;3;3;5;4;3;2;3;4;3;4;3;2;4;3
494;0;5;2;4;4;4;3;4;4;4;4;5;4;5;4;4;4;2;3;5;3;5;3;5;3;4;3;4;4;5;4;2;4;1;3;4;3;2;4;3;2;3;2;3;4;2;3;4;2;5;3;4;2;2;4;3;3;2;2;5;2
495;0;3;3;2;2;4;3;4;3;5;5;3;4;4;2;2;5;3;5;4;4;4;2;2;3;2;4;4;4;2;4;2;3;4;2;3;3;4;4;4;2;3;2;4;3;2;4;3;3;3;3;4;2;3;4;2;3;3;3;3;1
496;1;1;5;4;1;5;5;3;4;5;5;4;4;3;1;4;5;5;1;4;4;5;2;5;5;1;3;5;5;1;4;1;3;4;4;1;2;5;1;4;4;2;4;3;1;2;5;3;3;2;4;2;3;2;4;4;3;2;3;3;1
497;0;4;4;4;4;3;4;2;4;5;3;4;4;3;3;4;3;2;5;3;2;5;2;4;3;3;3;4;4;5;4;4;4;2;3;4;4;3;4;4;3;3;3;2;4;3;4;4;3;5;3;4;2;2;3;4;4;2;2;4;2
498;0;5;5;1;5;1;4;1;4;5;5;4;3;5;3;5;3;3;5;4;1;5;1;1;2;4;4;4;1;5;5;5;1;3;5;5;3;2;3;1;3;5;1;3;4;4;3;3;1;5;3;4;3;1;3;4;5;4;4;5;1
499;0;1;3;2;2;2;4;3;4;3;3;4;5;4;4;3;5;2;2;4;1;4;2;1;3;5;2;3;3;5;2;2;1;1;3;5;3;4;5;2;2;4;1;2;2;4;5;3;1;5;4;4;4;1;3;3;2;5;2;5;1
500;0;2;1;3;5;4;2;2;4;5;4;3;5;5;5;5;4;2;5;5;3;4;4;5;3;3;4;3;5;5;4;2;4;2;5;4;3;1;2;5;3;4;5;4;5;2;3;4;4;5;4;4;3;4;4;3;4;5;2;5;2
501;0;5;1;4;4;3;2;5;3;4;3;3;3;4;4;3;4;4;3;3;2;2;4;2;3;4;3;3;4;3;3;3;3;3;5;5;4;5;5;4;4;3;4;4;3;2;3;3;4;4;3;4;4;4;5;4;4;3;4;5;3
502;0;4;2;4;1;5;2;2;4;3;2;2;4;4;4;5;5;3;2;4;3;2;4;4;4;4;4;3;3;1;3;1;3;3;2;4;5;5;4;2;3;2;2;2;3;1;4;1;4;3;4;5;2;3;4;2;4;5;2;3;3
503;1;2;3;3;3;3;3;3;3;5;4;3;3;3;3;3;4;3;3;3;4;4;3;4;4;2;3;3;3;3;3;3;4;4;3;3;4;3;3;3;3;3;3;3;3;3;3;3;3;4;4;3;4;2;3;2;3;3;3;3;3
504;0;1;2;4;4;4;2;3;4;4;4;4;4;4;3;4;2;2;4;4;3;4;3;4;2;2;4;4;2;4;4;2;4;2;4;4;5;3;4;2;2;3;3;1;1;3;2;4;3;4;4;5;4;2;4;4;2;4;3;5;2
505;0;1;4;5;5;5;3;1;3;5;4;5;5;5;3;4;3;1;3;5;3;5;3;5;1;3;4;4;3;5;4;4;5;1;4;3;2;2;1;4;3;4;5;1;4;3;3;2;4;5;3;5;1;3;3;5;4;3;3;5;5
506;0;1;4;2;5;4;4;2;4;5;4;4;4;4;1;4;4;3;5;4;2;4;2;4;4;2;4;4;4;5;4;4;4;3;4;3;2;4;2;2;4;4;3;4;1;4;4;4;3;4;3;4;3;3;3;4;4;2;4;4;2
507;0;3;4;4;4;4;3;2;4;4;5;4;3;3;4;4;3;3;4;4;4;4;2;5;2;2;4;4;5;2;4;2;5;2;3;4;2;2;2;3;4;4;4;2;2;4;4;2;2;4;4;4;2;2;4;2;3;4;3;2;3
508;1;2;2;4;1;3;1;5;4;4;4;2;2;4;4;2;4;4;2;4;4;4;2;2;4;5;4;4;1;2;4;2;4;4;2;5;2;5;2;4;4;2;2;2;4;1;4;1;2;1;3;2;2;1;2;3;2;2;2;2;3
509;0;4;3;2;2;4;4;4;4;4;3;2;4;3;3;2;4;2;4;4;2;3;2;5;2;4;4;4;4;4;4;2;4;2;2;4;2;2;4;4;3;2;4;3;3;2;2;4;3;5;4;4;4;3;4;4;2;2;4;4;3
510;1;3;3;3;3;3;3;3;3;3;3;3;3;3;3;3;3;3;3;3;3;3;3;3;3;3;3;3;3;3;3;3;3;3;2;3;3;3;3;3;3;3;3;3;3;3;3;3;3;3;3;3;3;3;3;3;3;3;3;3;3
511;1;2;3;2;2;4;2;1;2;4;5;3;2;4;5;5;4;4;2;4;2;5;4;2;2;4;2;3;3;5;4;1;3;2;3;5;4;4;5;2;3;2;4;3;4;2;3;3;2;5;4;4;4;3;4;4;4;3;4;3;3
512;0;5;2;3;5;5;2;3;4;5;3;5;4;5;5;5;5;3;4;5;4;3;5;3;4;5;4;3;5;5;4;2;3;3;5;5;5;4;5;3;4;5;3;3;4;1;2;3;3;5;5;5;1;3;5;3;4;5;3;5;3
513;1;3;3;4;4;5;1;3;4;4;4;4;4;4;4;2;2;2;4;4;4;4;2;4;3;5;5;3;3;5;4;2;4;2;4;5;4;3;3;4;3;3;4;3;4;3;2;4;4;4;4;4;1;3;5;4;4;2;3;4;4
514;0;5;3;5;3;4;3;1;4;5;3;4;4;4;5;5;2;2;2;4;5;3;4;5;2;4;4;3;2;3;4;3;5;1;3;5;4;2;4;4;3;2;5;2;4;3;1;3;4;3;4;4;2;3;4;4;1;3;2;4;4
515;1;2;3;4;5;4;4;2;5;3;5;4;1;2;5;5;4;3;2;3;3;5;1;1;4;4;3;4;2;5;2;1;4;3;2;4;2;4;2;3;4;2;3;4;4;2;5;5;1;1;2;4;4;2;4;5;3;2;4;4;1
516;0;5;5;4;4;3;2;4;3;4;4;2;4;4;5;4;3;5;5;3;3;3;3;2;5;4;2;4;5;4;2;3;3;3;3;5;3;4;4;3;5;4;4;4;5;3;2;4;3;4;5;4;3;3;4;3;4;4;3;4;3
517;0;5;5;5;5;3;5;1;1;5;1;1;5;5;3;5;5;1;1;5;1;1;1;5;5;5;1;5;1;1;5;5;5;3;5;5;5;1;5;3;5;5;5;3;5;3;3;1;5;5;5;5;5;5;5;5;5;3;5;5;3
518;0;5;4;3;2;3;4;5;2;4;5;3;3;5;3;2;5;4;5;3;3;4;4;2;4;5;3;4;5;2;2;2;3;1;3;3;1;4;3;4;4;2;2;5;4;2;1;3;2;3;3;2;2;3;4;2;4;1;2;4;3
519;0;5;2;3;4;3;2;2;2;5;2;2;1;1;5;4;4;5;4;4;4;3;2;4;4;4;4;5;4;3;2;4;5;5;5;5;4;2;2;4;5;5;2;3;4;5;4;3;2;3;3;2;2;2;2;2;4;4;1;2;1
520;0;2;5;3;5;4;4;2;4;4;5;4;3;4;1;3;3;3;5;3;3;5;2;4;2;1;3;4;3;5;5;3;3;2;3;2;3;3;3;4;3;4;4;4;1;5;4;4;3;5;2;5;3;1;5;4;5;1;4;5;1
521;1;4;4;3;3;3;2;2;2;4;3;4;3;2;3;4;3;2;3;2;2;1;2;2;3;4;1;1;2;3;2;2;3;3;3;3;2;4;3;3;3;4;3;3;3;3;4;3;3;4;4;3;4;4;4;3;4;2;4;2;4
522;0;3;3;3;3;3;3;3;3;4;2;3;3;4;3;3;2;3;3;3;3;2;2;3;3;2;3;3;2;3;3;3;3;3;3;3;3;3;3;3;3;3;3;3;3;3;3;3;3;4;3;3;3;3;3;3;3;3;3;4;3
523;0;4;4;2;3;3;5;2;3;5;4;2;2;4;5;1;2;2;4;4;2;4;3;2;3;4;4;5;3;4;4;5;4;2;4;4;3;4;3;2;4;4;4;4;4;4;3;5;4;3;2;4;4;3;5;4;4;3;4;4;3
524;1;3;4;5;3;4;2;3;3;3;4;5;4;4;3;3;1;2;3;5;3;4;2;5;2;2;3;3;3;3;4;5;5;2;3;4;4;2;2;3;3;3;4;3;2;3;3;3;4;4;4;4;2;3;4;4;3;3;4;5;4
525;0;1;3;5;4;4;2;2;4;5;3;3;3;4;2;4;4;2;4;3;3;4;3;2;3;5;4;4;3;5;2;2;4;2;4;4;3;4;4;4;4;4;4;3;5;3;2;4;4;4;4;4;4;4;5;3;4;2;2;4;3
526;0;5;4;4;5;2;3;4;3;5;3;5;5;5;5;5;2;1;4;4;3;5;5;5;2;5;4;5;3;5;4;4;4;2;5;5;4;2;5;5;1;5;5;2;4;3;2;1;4;5;5;4;3;2;5;5;3;2;2;5;4
527;1;2;4;4;4;5;2;4;3;4;3;4;3;5;3;3;3;2;3;4;2;4;3;4;3;3;3;3;4;4;3;3;4;2;5;4;3;3;3;2;2;5;3;3;1;3;3;4;3;4;4;4;3;2;4;3;3;3;3;4;3
528;0;1;2;5;4;3;4;3;4;5;4;3;4;3;5;3;2;3;2;4;4;2;4;4;4;5;3;3;4;5;4;3;4;1;2;4;3;3;4;4;4;1;4;3;5;3;2;2;4;5;3;4;3;3;5;2;4;4;3;3;3
529;0;5;4;4;2;4;2;2;4;5;4;4;3;3;4;4;3;2;2;4;4;3;2;4;4;4;4;4;4;2;4;3;5;2;2;3;4;2;4;4;2;2;4;2;3;4;3;4;3;2;4;5;2;2;4;3;3;4;3;4;3
530;0;3;4;4;4;4;4;4;4;5;5;5;5;5;3;5;2;4;4;5;5;2;4;5;2;5;2;2;2;5;5;4;5;4;4;4;5;3;2;4;4;4;4;4;1;1;1;4;4;5;5;5;1;4;2;1;4;4;3;4;4
531;0;5;3;3;4;3;3;4;4;5;5;4;3;4;5;4;3;3;3;4;3;3;3;4;3;5;4;3;4;5;5;3;3;4;2;5;3;4;4;4;4;3;3;4;5;3;4;3;4;4;4;4;3;2;4;3;4;3;4;3;3
532;1;5;2;3;5;4;2;3;4;3;3;2;4;4;3;4;3;2;4;3;3;4;1;5;4;4;4;4;5;3;4;3;5;2;4;5;5;3;4;5;3;4;4;4;5;3;3;3;4;5;5;5;3;4;5;3;4;5;2;4;2
533;0;1;2;4;4;3;3;2;2;3;3;3;3;3;3;3;3;2;2;2;2;2;2;4;2;4;2;2;2;4;3;3;4;4;4;4;4;4;3;3;3;4;4;4;4;3;3;3;3;3;3;4;4;4;4;4;4;3;4;4;4
534;0;3;3;3;3;2;4;3;3;4;2;3;4;3;2;3;2;4;3;3;3;2;3;3;3;2;3;3;3;4;3;4;3;3;3;4;4;3;3;3;3;4;3;4;3;4;3;3;3;3;3;4;3;3;3;4;3;2;4;3;4
535;1;3;3;3;3;3;3;3;3;3;3;3;3;3;3;3;3;3;3;3;3;3;3;3;3;3;3;3;3;3;3;3;3;3;3;3;3;3;3;3;3;3;3;3;3;3;3;3;3;3;3;3;3;3;3;3;3;3;3;3;3
536;0;5;4;3;4;4;3;3;4;5;3;5;5;3;3;4;3;4;2;5;2;5;2;4;3;2;3;3;4;4;4;4;5;2;3;4;3;4;3;3;4;2;5;3;2;2;4;2;3;4;3;4;3;4;3;4;4;3;3;4;2
537;1;3;3;3;3;3;3;3;3;3;3;3;3;3;3;3;3;3;3;3;3;3;3;3;3;3;3;3;3;3;3;3;3;3;3;3;3;3;3;3;3;3;3;3;3;3;3;3;3;3;3;3;3;3;3;3;3;3;3;3;3
538;0;2;4;4;1;3;3;4;3;5;3;4;4;4;3;3;4;2;4;3;4;3;3;3;2;3;2;5;5;4;2;3;3;2;5;3;3;3;4;3;4;3;4;3;1;2;3;4;3;4;4;4;4;2;4;5;4;3;3;5;4
539;0;2;2;4;2;5;2;4;5;5;3;5;3;5;4;4;2;1;5;5;2;5;4;5;2;5;5;5;3;4;4;3;4;1;5;3;5;4;5;3;2;3;4;1;3;4;2;3;5;4;5;5;2;2;4;5;3;4;3;5;4
540;0;5;5;5;5;5;5;5;5;5;3;5;5;5;4;5;2;1;3;5;3;3;3;5;1;5;4;5;3;5;5;5;5;1;5;5;5;1;4;5;1;2;5;1;5;3;4;1;4;5;5;5;3;3;5;3;3;3;1;5;4
541;0;4;2;3;5;4;4;1;3;5;4;5;4;4;4;5;4;2;4;5;3;4;4;4;3;4;2;2;3;5;5;3;4;4;4;4;4;4;4;4;3;4;4;3;3;4;4;3;4;5;4;5;4;3;4;4;4;4;4;2;4
542;1;4;4;4;3;2;3;3;2;5;3;4;4;3;1;2;2;2;4;4;2;4;4;5;2;2;2;3;4;3;2;2;4;2;4;3;4;2;4;3;2;4;4;4;3;3;2;3;4;3;4;4;4;4;4;5;5;2;3;4;4
543;1;3;3;4;4;3;4;1;4;5;4;4;4;4;3;4;4;1;4;4;2;4;2;4;3;3;4;4;3;4;5;4;4;3;4;3;3;5;3;4;3;3;3;3;3;4;3;4;4;4;4;4;4;4;4;4;4;3;3;4;3
544;0;2;4;4;5;3;4;3;2;5;3;5;4;3;3;3;3;2;3;4;4;3;2;4;3;3;3;3;4;5;4;4;5;2;4;3;3;2;2;3;3;4;5;3;1;4;2;4;4;5;4;4;4;3;3;2;4;3;3;3;3
545;0;3;3;4;4;4;3;3;4;4;3;4;3;4;4;2;3;3;3;3;3;4;3;3;3;3;3;4;3;4;4;3;4;2;4;4;4;3;2;2;2;3;3;2;2;3;3;3;3;4;3;4;3;3;3;3;3;3;3;2;3
546;0;2;4;4;2;3;4;2;3;4;4;4;3;3;4;3;2;2;2;4;2;4;4;3;2;3;2;4;3;4;4;3;4;2;3;3;3;3;3;3;3;4;4;3;1;4;4;4;3;4;3;2;4;4;4;3;4;3;4;4;2
547;1;2;2;3;4;4;3;2;3;5;4;3;3;4;3;2;5;5;3;3;3;2;3;4;3;3;2;3;2;4;3;2;4;4;5;4;4;4;1;1;3;5;3;3;1;2;5;4;2;5;3;5;4;3;4;4;3;4;4;4;2
548;0;1;3;2;5;3;2;4;3;3;4;4;2;3;1;3;4;3;3;2;1;5;5;2;3;1;3;4;3;5;4;2;3;3;3;4;2;4;1;2;3;2;4;3;1;2;3;2;3;4;2;3;3;2;3;2;3;1;3;4;1
549;0;3;4;3;3;3;4;4;3;5;2;4;3;3;3;5;4;3;4;4;2;4;2;4;3;2;3;3;4;4;5;3;4;3;4;3;1;5;2;3;4;3;4;3;2;2;4;3;3;4;4;4;4;3;3;3;4;2;3;3;2
550;0;3;3;4;2;2;4;4;5;5;4;4;4;3;5;5;5;4;5;5;5;5;5;5;5;2;5;3;5;5;4;1;4;3;2;5;5;5;5;5;5;4;5;5;5;2;4;4;5;1;4;4;4;5;5;1;5;2;5;2;4
551;0;5;2;4;1;2;3;4;4;4;4;5;5;3;5;4;4;3;2;4;4;3;4;5;4;5;3;4;4;2;4;2;4;3;2;4;4;3;4;3;4;2;4;2;5;2;2;3;3;3;3;4;3;3;2;2;3;3;2;3;3
552;1;1;1;3;2;4;3;3;4;4;4;5;3;2;3;2;2;5;2;2;1;3;3;3;3;1;3;3;2;3;1;1;2;1;3;2;2;5;1;2;2;2;2;5;1;1;4;2;3;3;3;4;3;4;2;3;2;4;3;4;3
553;1;1;4;1;2;5;4;3;2;5;3;3;2;3;3;3;5;5;2;3;1;2;5;1;5;4;3;3;5;2;5;1;1;3;2;5;2;5;2;3;5;4;1;4;1;2;5;3;2;3;4;3;2;1;4;3;4;1;1;3;1
554;0;5;3;4;5;4;3;3;4;5;5;5;4;5;4;5;3;2;2;4;3;5;1;5;3;4;5;3;4;5;5;3;4;2;3;4;5;4;2;2;4;2;4;3;4;2;2;2;2;5;4;4;1;2;4;3;4;5;2;5;2
555;0;1;1;2;2;2;1;1;2;1;2;2;2;2;1;2;1;1;2;2;2;2;1;2;3;1;2;3;1;2;4;3;4;5;4;3;4;5;3;4;3;4;4;3;5;3;5;3;4;4;3;4;5;4;3;5;3;4;5;4;4
556;1;2;2;4;2;4;2;3;3;4;4;5;4;5;2;5;5;2;3;4;4;4;4;5;4;2;2;4;4;2;3;2;3;2;4;4;4;4;2;2;2;2;4;4;2;2;2;3;4;2;4;4;2;2;4;2;4;4;4;4;3
557;0;3;3;3;3;3;4;2;3;5;3;4;4;4;2;4;2;2;3;4;2;4;2;4;2;1;2;4;4;4;3;4;4;2;5;3;4;2;4;2;4;3;4;4;4;3;4;4;3;4;4;3;3;3;4;4;4;3;3;4;2
558;1;4;1;4;1;4;2;3;4;4;4;2;1;2;4;4;4;2;4;4;3;4;4;2;2;3;5;2;4;2;4;1;2;2;2;4;3;4;4;2;4;3;2;4;3;2;1;3;1;3;3;5;2;1;5;2;4;3;2;2;1
559;0;5;3;5;5;5;5;5;5;4;2;4;5;5;5;5;5;1;3;3;5;5;4;3;2;5;5;2;5;2;1;2;4;3;5;3;3;3;4;4;2;3;3;4;3;4;4;4;4;5;1;3;3;3;4;3;2;1;2;5;1
560;0;4;5;1;2;4;1;3;5;5;1;2;5;2;2;1;2;4;5;4;1;2;5;5;4;5;2;4;2;3;5;4;5;4;1;5;5;2;5;1;4;2;4;1;1;1;5;2;3;3;4;4;4;1;5;5;2;2;5;2;1
561;0;4;4;3;3;5;4;3;3;4;3;5;4;4;4;3;4;2;2;5;3;4;1;3;3;4;1;3;3;5;5;3;3;1;4;5;4;4;5;2;2;3;3;2;3;2;4;3;4;4;4;4;4;4;4;3;3;4;3;4;3
562;0;5;1;5;1;5;4;5;1;5;3;5;5;2;2;4;4;1;2;4;4;3;5;2;5;3;4;4;5;5;5;5;4;1;1;5;5;5;5;5;4;1;4;5;5;4;4;4;5;5;5;5;1;4;5;4;5;5;4;5;4
563;1;3;3;3;3;4;2;2;3;5;4;5;3;2;2;4;4;2;5;5;2;3;2;4;2;2;2;5;2;3;4;3;3;2;2;4;4;4;1;4;3;4;4;3;2;4;2;4;3;5;5;5;3;2;4;3;5;4;4;4;3
564;0;4;4;2;5;4;3;1;4;4;4;4;4;3;4;5;4;2;4;4;2;5;4;4;2;2;5;3;2;5;4;3;4;3;2;4;4;5;2;4;2;3;3;3;3;2;4;4;4;5;4;4;4;2;3;2;4;3;4;2;1
565;0;3;3;3;5;3;3;3;3;5;3;3;5;3;5;3;3;3;3;3;3;3;5;3;3;3;3;3;5;5;3;3;3;3;3;3;3;3;1;3;3;3;5;3;1;3;3;3;3;5;3;5;3;3;3;3;3;3;3;3;3
566;0;1;4;3;5;5;2;1;3;5;5;5;3;4;1;4;2;1;3;4;1;5;4;5;2;1;2;5;1;5;4;5;5;1;5;3;3;2;2;3;1;3;4;1;1;4;3;4;2;5;5;5;3;2;4;4;3;3;3;5;1
567;1;1;5;2;1;3;5;1;3;5;4;3;3;5;5;5;3;2;4;3;2;5;1;2;2;1;3;2;5;2;3;2;3;1;1;3;3;5;1;1;4;1;4;4;1;3;2;3;4;2;4;4;3;3;4;3;4;1;3;5;3
568;0;5;4;4;5;2;4;4;2;5;5;4;4;3;1;2;4;2;4;4;4;4;4;4;2;4;2;4;4;5;2;3;4;1;3;5;2;3;4;3;2;4;3;4;4;3;4;4;3;4;5;3;2;3;4;3;3;2;3;5;4
569;0;4;1;4;4;5;2;4;5;5;4;3;4;5;5;5;4;2;5;5;4;3;2;3;2;4;3;4;3;4;5;4;4;2;3;5;5;4;4;3;3;1;4;3;4;4;1;3;4;3;5;4;3;2;5;3;4;5;3;4;4
570;1;1;1;4;1;5;3;3;3;3;4;5;3;5;1;1;3;3;1;2;1;3;1;3;3;1;1;5;3;1;5;1;3;5;5;1;3;5;1;5;3;1;3;2;1;1;3;5;1;1;3;4;1;1;3;2;5;4;1;5;1
571;0;4;2;5;5;5;4;4;3;5;3;5;5;5;4;4;1;1;2;5;5;3;2;5;1;4;1;4;2;5;2;4;5;1;1;5;5;1;3;5;1;2;5;1;4;5;1;1;4;3;5;5;1;3;5;5;5;3;2;5;4
572;0;3;2;3;1;3;2;2;2;4;2;3;3;3;2;2;4;2;1;3;2;2;3;2;2;3;2;3;2;2;4;2;2;3;3;4;3;4;4;3;2;1;3;2;2;1;4;2;3;1;4;4;3;2;3;3;3;2;3;2;2
573;1;1;2;4;3;4;2;3;2;5;3;3;3;4;3;3;3;3;5;3;3;3;2;5;3;3;3;3;3;5;3;4;4;3;4;4;3;4;3;3;2;5;4;3;1;1;4;4;3;4;4;3;3;3;4;3;3;3;3;5;4
574;0;4;2;4;5;4;2;4;4;4;5;4;4;4;4;4;2;2;3;5;2;4;4;5;2;4;4;4;4;5;4;4;4;2;5;5;4;2;4;2;2;3;4;4;5;4;3;5;4;4;5;5;2;3;4;3;4;3;3;5;4
575;1;1;5;1;1;2;1;2;1;1;2;2;3;5;4;3;3;3;4;3;4;3;3;1;1;1;1;2;4;4;1;5;5;1;1;1;5;5;5;3;3;4;4;5;3;2;2;3;3;3;3;3;3;3;3;2;3;3;5;5;3
576;0;2;4;3;4;3;4;3;3;5;3;5;2;3;1;3;3;3;4;5;4;4;3;5;3;2;4;3;5;4;4;3;4;2;3;4;2;4;3;4;2;3;3;3;2;3;3;4;2;3;3;3;3;3;3;3;4;3;3;4;1
577;1;5;2;5;5;5;5;3;4;5;5;5;3;5;5;5;3;2;3;5;4;2;2;5;1;5;4;3;3;5;5;5;5;1;5;5;5;1;5;4;4;3;5;3;5;4;2;4;5;5;5;5;1;4;4;5;3;4;3;5;4
578;0;4;2;3;1;5;2;4;4;5;5;5;3;4;3;5;4;4;4;3;2;5;2;2;4;4;4;4;5;4;5;1;4;4;4;4;2;5;4;2;2;3;3;5;2;2;4;3;2;3;2;4;2;2;3;2;4;4;2;5;1
579;0;5;3;4;4;5;2;3;4;4;4;4;5;5;5;4;3;2;3;5;3;4;4;5;2;3;3;3;3;5;4;3;4;2;4;5;4;3;4;4;3;4;4;3;4;3;3;3;3;5;4;4;4;3;4;3;3;3;2;5;4
580;0;2;2;4;4;3;2;4;4;5;4;4;4;4;2;4;4;3;4;4;3;5;3;4;3;2;4;3;4;5;4;3;3;2;3;4;4;4;4;5;2;3;4;4;1;3;3;3;4;4;3;4;2;4;4;3;3;4;3;4;3
581;0;1;3;2;5;4;4;1;3;4;4;2;1;3;4;4;2;5;4;4;2;5;2;1;3;1;1;3;5;5;4;2;3;2;5;4;4;5;4;2;3;4;2;4;5;3;5;5;4;5;5;4;2;2;4;4;2;3;3;4;2
582;0;2;2;4;3;5;4;3;3;5;3;5;5;3;2;4;1;1;3;5;4;3;5;5;1;4;4;4;2;4;5;3;4;3;3;4;4;2;5;3;2;2;5;1;2;2;1;4;4;3;5;5;5;3;5;5;4;4;5;5;4
583;1;4;4;5;3;4;4;4;3;5;4;4;3;4;5;2;4;2;4;4;4;4;4;2;2;5;3;3;3;4;4;3;4;3;4;5;2;4;5;4;2;4;4;2;4;3;4;4;3;3;5;4;3;3;5;2;3;2;3;3;4
584;0;5;4;2;3;3;4;5;5;2;2;2;2;3;4;3;2;3;4;4;2;4;5;5;2;4;5;4;4;4;4;1;5;3;3;5;3;3;5;3;3;2;2;4;5;1;4;3;3;3;5;2;2;2;4;2;4;4;3;3;4
585;1;2;4;3;3;4;4;5;5;5;3;4;2;3;2;3;4;4;4;4;2;4;3;2;3;3;4;4;2;2;2;5;2;1;2;3;3;4;5;5;4;4;3;4;2;2;3;3;2;4;3;4;4;3;3;4;2;4;3;3;3
586;1;1;2;4;1;5;3;2;3;2;1;1;1;4;3;1;4;4;2;4;2;2;3;2;4;4;2;3;4;5;2;4;3;5;3;4;2;3;3;5;4;2;2;3;1;3;3;2;4;4;2;4;5;2;3;4;2;1;5;4;3
587;0;4;3;4;4;4;4;1;2;4;4;3;4;4;3;4;2;2;3;3;2;3;3;4;2;3;3;4;2;3;4;4;4;2;4;3;3;2;4;4;2;3;4;3;3;3;3;3;4;3;3;3;3;3;4;4;3;3;4;4;3
588;0;1;3;5;1;3;2;2;4;3;5;3;3;5;1;4;3;2;3;4;3;5;3;5;1;1;3;5;4;5;3;3;4;2;5;3;4;3;2;3;1;3;4;3;1;2;3;3;4;4;4;3;3;3;3;3;3;3;3;4;3
589;1;5;2;2;4;2;3;3;3;5;3;3;3;4;5;4;3;5;4;4;4;4;4;4;4;3;2;3;2;3;2;3;4;3;3;4;3;1;3;4;3;2;2;3;3;4;3;2;3;4;4;3;3;3;3;3;1;3;1;3;4
590;0;2;2;1;1;1;1;1;2;3;2;1;2;2;4;1;3;2;1;2;3;1;2;1;1;4;1;1;3;2;5;4;5;3;3;5;5;4;3;4;3;4;5;5;5;3;5;5;3;2;5;4;3;4;5;3;5;4;4;2;4
591;0;5;2;2;1;1;3;2;1;2;3;2;1;2;2;1;2;1;2;1;3;1;1;1;3;1;2;3;1;2;5;4;3;5;4;5;4;4;4;5;4;3;5;4;4;3;4;4;3;5;4;4;4;4;3;4;4;4;4;4;4
592;0;4;3;3;4;4;2;2;4;4;3;4;3;4;4;5;3;3;2;4;3;3;4;4;2;4;4;4;3;4;4;2;4;2;3;4;5;4;4;2;3;3;4;4;2;3;4;3;3;4;4;4;3;4;4;3;3;3;2;4;3
593;0;4;4;5;4;4;4;2;3;5;4;4;5;5;4;5;4;2;5;4;2;5;3;5;3;1;4;3;5;5;4;4;4;3;5;4;3;4;3;3;3;2;5;3;4;1;3;4;3;3;4;4;3;3;4;4;4;1;2;5;4
594;1;4;3;1;3;2;3;3;2;3;5;3;3;2;3;2;2;4;4;4;3;3;3;2;4;1;5;5;4;3;3;4;3;5;1;2;3;2;1;3;2;3;3;3;4;3;2;1;3;5;2;3;3;3;3;3;1;4;1;1;4
595;0;4;3;4;5;4;1;3;2;4;5;1;3;3;4;3;4;4;2;4;1;5;1;2;3;5;4;5;3;5;1;1;4;1;3;5;2;5;4;2;4;4;3;3;3;2;2;3;4;4;2;4;3;3;4;4;2;3;4;5;5
596;0;5;3;4;5;4;3;2;3;4;4;4;4;4;5;5;4;2;3;4;3;4;3;5;3;5;3;3;4;5;4;3;4;3;4;5;4;4;5;4;3;3;4;3;4;3;4;3;3;5;5;4;3;3;5;3;4;3;3;5;2
597;1;1;3;3;3;2;2;2;2;5;2;5;3;4;3;4;2;2;2;3;2;2;4;2;3;2;3;3;4;4;5;4;4;1;2;2;2;3;3;2;4;4;4;1;1;1;1;2;4;4;4;3;3;4;3;4;4;5;4;4;4
598;0;4;4;4;2;2;4;4;2;5;4;2;4;4;5;4;4;2;4;2;3;4;2;4;3;4;3;4;4;2;2;4;4;1;4;4;3;4;2;2;3;4;4;2;4;2;3;4;3;4;3;4;4;3;4;4;2;2;3;4;2
599;0;4;4;4;5;4;2;4;2;5;4;4;5;5;4;4;3;4;4;4;4;5;4;5;3;3;2;4;5;5;3;2;4;2;5;4;3;2;2;3;4;3;4;4;5;3;2;4;3;2;5;4;3;3;5;3;4;3;2;4;3
600;1;2;2;5;3;2;2;3;3;2;3;5;3;2;2;3;4;2;4;3;4;3;2;4;3;3;3;3;3;4;5;2;3;1;1;5;3;4;4;3;2;2;4;1;3;2;2;4;3;4;3;4;3;3;4;2;3;3;2;3;3
601;1;4;2;1;5;2;1;3;2;2;5;3;1;5;3;4;3;3;2;3;5;3;2;1;2;4;5;3;4;1;3;4;5;2;1;2;3;2;3;3;2;1;3;2;1;4;3;4;5;2;1;1;3;2;5;2;1;2;4;3;4
602;1;4;4;4;5;4;2;2;2;5;3;5;4;4;3;4;1;2;3;5;2;3;4;5;1;3;2;3;4;5;4;5;5;2;3;5;4;4;3;4;5;5;5;3;3;4;2;4;4;5;4;4;4;3;5;5;4;4;3;5;3
603;0;5;5;5;5;5;4;1;5;5;5;5;3;5;5;5;4;4;5;5;2;4;3;5;3;5;4;5;5;5;5;3;5;5;4;5;5;4;4;5;3;4;5;4;5;3;4;3;5;5;5;5;3;3;4;4;4;4;3;5;3
604;0;2;2;5;5;5;3;5;4;5;3;5;5;4;5;5;4;5;3;5;5;2;4;2;4;5;5;4;5;5;5;2;5;1;2;5;5;4;5;3;5;1;5;4;2;1;4;2;5;5;4;4;2;4;5;2;5;4;2;5;5
605;1;3;3;3;3;3;4;1;1;5;2;2;4;4;5;4;1;5;4;2;1;3;4;3;3;3;3;3;3;3;3;3;3;2;5;4;3;3;3;2;2;5;2;3;5;3;1;3;4;5;4;3;2;1;3;4;4;1;3;3;3
